rank,titulo,distribuidora,fecha,recaudacion,espectadores,anio
1,Campeonex,Universal,2023-08-18,11888158,1975785,2023
2,Ocho Apellidos Marroquis,Universal,2023-12-01,9791499,1439146,2023
3,Vacaciones de verano,Sony,2023-07-06,7417977,1245648,2023
4,Momias,Warner Bros,2023-02-24,5915965,960628,2023
5,Vaya vacaciones,Universal,2023-04-21,4803875,803351,2023
6,Mari(dos),Walt Disney,2023-03-10,4067952,622196,2023
7,"Navidad en sus manos, La",A Contracorriente,2023-12-01,3816303,600083,2023
8,As bestas,A Contracorriente,2022-11-11,3276371,511766,2023
9,"Hotel de los lios. Garcia y Garcia 2, El",Walt Disney,2023-03-24,2229338,363814,2023
10,Como Dios manda,Warner Bros,2023-06-02,2133099,332054,2023
11,"Niña de la comunion, La",Warner Bros,2023-02-10,1440754,217150,2023
12,"Maestro que prometio el mar, El",Filmax,2023-11-10,1402193,235056,2023
13,Mi soledad tiene alas,Warner Bros,2023-08-25,1375535,221975,2023
14,Alimañas,Sony,2023-10-27,1346063,207719,2023
15,A todo tren 2,Warner Bros,2022-12-02,1149232,186719,2023
16,Me he hecho viral,Warner Bros,2023-10-11,1101997,172426,2023
17,Fatum,Universal,2023-04-28,966465,162798,2023
18,Todos los nombres de Dios,TriPictures,2023-09-15,961860,168672,2023
19,Irati,Filmax,2023-02-24,956938,157586,2023
20,20.000 Especies de abejas,Bteam Pictures,2023-04-21,905772,158206,2023
21,Saben aquell,Warner Bros,2023-11-01,891881,139075,2023
22,Un Amor,Bteam Pictures,2023-11-10,808904,130565,2023
23,De perdidos a Rio,Sony,2023-08-04,736712,119278,2023
24,Mi otro Jon,Wanda,2023-10-20,618724,97633,2023
25,"Favor, El",Universal,2023-11-10,617181,100448,2023
26,Libres,Bosco Films,2023-04-21,572633,87063,2023
27,Te estoy amando locamente,Filmax,2023-07-06,549216,90712,2023
28,Chinas,A Contracorriente,2023-10-06,474742,77490,2023
29,Cerrar los ojos,Avalon Distribución,2023-09-29,447834,83182,2023
30,Esta ambicion desmedida,Avalon Distribución,2023-10-26,442292,65728,2023
31,O Corno,Elastica,2023-10-11,391703,66185,2023
32,Verano en rojo,DeAPlaneta,2023-09-08,384908,64690,2023
33,"Chicas estan bien, Las",Elastica,2023-08-25,338267,57487,2023
34,"Buenos modales, Los",Warner Bros,2023-04-28,279491,46109,2023
35,"Contadora de Peliculas, La",A Contracorriente,2023-10-27,269722,46088,2023
36,"Cielo no puede esperar, El",European Dreams Factory,2023-02-24,236659,38124,2023
37,¡Salta!,A Contracorriente,2023-09-01,232628,39413,2023
38,Robot Dreams,Bteam Pictures,2023-12-06,231022,37215,2023
39,Matria,Avalon Distribución,2023-03-24,224861,40173,2023
40,Extraña forma de vida,Bteam Pictures,2023-05-26,223909,48442,2023
41,Bajo terapia,Syldavia,2023-03-17,218473,35596,2023
42,Lobo Feroz,Filmax,2023-01-27,216346,35929,2023
43,Una vida no tan simple,A Contracorriente,2023-06-23,207331,33735,2023
44,Creatura,Avalon Distribución,2023-09-08,203950,34865,2023
45,Teresa,Bteam Pictures,2023-11-24,187262,30672,2023
46,"Ternura, La",Universal,2023-09-29,185613,39737,2023
47,Inspector Sun y la maldición de la viuda negra,TriPictures,2022-12-28,164154,28901,2023
48,Dispararon al pianista,Bteam Pictures,2023-10-06,154093,25022,2023
49,"Hombre del saco, El",Filmax,2023-08-11,149549,24217,2023
50,"Voz del Sol, La",Adso Films,2023-09-22,146923,27732,2023
51,De Caperucita a Loba,A Contracorriente,2023-04-05,127570,20668,2023
52,Asedio,Sony,2023-05-05,126364,23118,2023
53,Els encantats (Los encantados),A Contracorriente,2023-06-02,122311,19598,2023
54,Empieza el baile,Me Lo Creo,2023-04-05,116082,18257,2023
55,Upon Entry (La llegada),Karma,2023-06-16,113600,19115,2023
56,Que nadie duerma,Wanda,2023-11-17,112397,18894,2023
57,"Cel de Plom, Un",Filmax,2023-04-28,105109,17304,2023
58,"Sirvienta, La",Proyecfilm,2023-03-24,104304,17916,2023
59,"Buenas compañías, Las",Filmax,2023-05-05,104053,19808,2023
60,Tin&Tina,Filmax,2023-03-31,103392,15578,2023
61,"Fred que Crema, El",Filmax,2023-01-20,91656,14267,2023
62,"Novia de America, La",A Contracorriente,2023-02-17,86225,13995,2023
63,"Ermita, La",Filmax,2023-11-17,75963,12359,2023
64,Momonsters la pelicula,Notorious Pictures Spain,2023-12-06,73286,11971,2023
65,Loli Tormenta,Caramel Films,2023-03-31,71618,12040,2023
66,Amigos hasta la muerte,A Contracorriente,2023-09-22,57314,10238,2023
67,Manticora,Bteam Pictures,2022-12-09,53453,9494,2023
68,Esperando a Dalí,Alfa Pictures,2023-07-14,53344,8828,2023
69,Hanna y los monstruos,Alfa Pictures,2023-04-21,51302,8712,2023
70,"Amor de Andrea, El",Filmax,2023-11-24,49724,8610,2023
71,Secaderos,Begin Again Films,2023-06-02,49635,11111,2023
72,Cinco lobitos,Bteam Pictures,2022-05-20,47277,9795,2023
73,Alcarras,Avalon Distribución,2022-04-29,46757,12159,2023
74,"Cuarto pasajero, El",Sony,2022-10-28,46678,7615,2023
75,Eterna,39 Escalones,2023-03-02,45039,7177,2023
76,Si todas las puertas se cierran,Proyecfilm,2023-04-14,44786,7788,2023
77,"Desconocida, La",Filmax,2023-06-09,43823,7018,2023
78,Samsara,Atalante,2023-12-20,40227,6738,2023
79,Erase una vez en Canarias,Nekkenti,2023-09-22,40147,7702,2023
80,"Manzana de Oro, La",A Contracorriente,2023-09-01,39748,7004,2023
81,Alguien que cuide de mi,A Contracorriente,2023-04-28,38511,6442,2023
82,Olvido,La Dalia Films,2023-06-29,37743,6570,2023
83,"Iberia, naturaleza infinita",Acaju,2023-03-17,35994,6337,2023
84,Todos lo hacen,A Contracorriente,2022-12-28,35047,6294,2023
85,Sobre todo de noche,Atalante,2023-12-01,34595,5817,2023
86,"Cuco, El",Filmax,2023-09-15,34543,5951,2023
87,Delfines de plata,Filmax,2023-07-28,34053,5780,2023
88,Ultimas Voluntades,Alfa Pictures,2023-06-30,33651,5799,2023
89,Sica,A Contracorriente,2023-05-19,33258,5660,2023
90,Historias para no contar,Filmax,2022-11-25,31388,4733,2023
91,"Maternal, La",Bteam Pictures,2022-11-18,30722,6963,2023
92,"Latido del Cielo, El",European Dreams Factory,2023-11-17,30160,4633,2023
93,Suro,A Contracorriente,2022-12-02,28756,5433,2023
94,Tierra de nuestras madres,Me Lo Creo,2023-07-20,28537,5072,2023
95,Mamacruz,Filmax,2023-10-27,27711,4548,2023
96,"Fortaleza, La",Syldavia,2023-06-23,26933,4508,2023
97,"Espera, La",Maravillas Distribuciones,2023-12-15,26070,4124,2023
98,"Quietud en la tormenta, La",Vidania films,2023-05-12,24447,4709,2023
99,Modelo 77,Walt Disney,2022-09-23,22914,4798,2023
100,"Paredes hablan, Las",Wanda,2023-02-03,22584,3658,2023
101,"Fantastico caso del Golem, El",Sideral,2023-06-16,21874,3734,2023
102,Hermano Caballo,Beta Fiction,2023-06-08,20511,2956,2023
103,Matar cangrejos,Filmax,2023-05-26,19318,3421,2023
104,"Piedad, La",Barton,2023-01-13,18675,2945,2023
105,Notas sobre un verano,Surtsey Films,2023-09-01,17744,3059,2023
106,Unzue. El ultimo equipo de Juancar,A Contracorriente,2023-05-05,17342,3049,2023
107,Unicornios,Filmax,2023-06-30,17226,2889,2023
108,"Espíritu de la colmena, El (1973) (re)",Avalon Distribución,2023-09-01,16106,3023,2023
109,Tadeo Jones 3. La tabla esmeralda,Paramount Int'l,2022-08-26,15670,3288,2023
110,Bidasoa 2018-2023,Barton,2023-10-20,15642,2877,2023
111,"Mesita del comedor, La",Independent,2023-11-30,15380,2222,2023
112,Ruta salvatge,A Contracorriente,2023-11-17,14081,2339,2023
113,Kepler Sexto B,Filmax,2023-06-16,13966,2455,2023
114,"Home e o can, O",Baños Films,2023-10-20,13675,2353,2023
115,"Sur, El (1983) (re)",Avalon Distribución,2023-09-01,13246,2554,2023
116,"Piel del tambor, La",Flins y Piniculas,2022-10-21,12512,2187,2023
117,En temporada baja,Begin Again Films,2023-04-14,12035,2248,2023
118,"Amiga de mi amiga, La",Begin Again Films,2023-02-03,11959,2071,2023
119,"Aníbal, el arquitecto de Sevilla",Mosaico,2023-11-24,11652,2260,2023
120,Cristina Garcia Rodero: La mirada oculta,Wanda,2023-12-01,11510,1644,2023
121,"Imatge permanent, La",Aventura Cine,2023-11-17,11173,1906,2023
122,Madre no hay mas que una,European Dreams Factory,2023-10-20,10513,1632,2023
123,Cerdita,Filmax,2022-10-14,10029,2680,2023
124,Quan no acaba la nit (Cuando la noche no termina),ConUnPack,2023-10-27,8989,1485,2023
125,Desmadre incluido,39 Escalones,2023-09-22,8517,1424,2023
126,"Labordeta, un hombre sin más",Urresti Producciones,2022-09-23,8426,2108,2023
127,"Bosque Salvaje de Pardomino, El",Independent,2023-05-04,8352,1497,2023
128,Caballos,Proyecfilm,2023-11-23,8303,1342,2023
129,"Medjugorje, la pelicula",European Dreams Factory,2021-10-01,8051,1118,2023
130,Sintiendolo mucho,Avalon Distribución,2022-11-17,7815,1635,2023
131,Parir,Caracter Films,2023-10-10,7755,1242,2023
132,"Techo amarillo, El",Bteam Pictures,2022-12-16,7595,1527,2023
133,Secundarias,La Esgueva Films,2023-11-17,7565,1284,2023
134,Caleta Palace,Independent,2023-11-24,7409,1350,2023
135,"Caso Padilla, El",Sherlock,2023-06-02,7342,1223,2023
136,"Singla, La",Atera Films,2023-11-10,7320,1389,2023
137,"Cante Jondo, Granada 1922",Independent,2023-02-02,7297,1890,2023
138,Tiempo de Zarzuela,Version Digital,2023-10-10,7293,1210,2023
139,Slasher,Cinmawings,2023-05-12,7292,1198,2023
140,"Cenerentola, La -Teatro Real (Opera)",Version Digital,2023-11-23,7190,712,2023
141,"Imposible, Lo",Warner Bros,2012-10-11,7000,886,2023
142,"Constructores de la Alhambra, Los",Version Digital,2022-11-25,6877,1102,2023
143,Madre ven,European Dreams Factory,2022-11-25,6759,931,2023
144,Jorge. Una travesía de Coque Malla,Lasdelcine Producciones Aud.,2023-01-20,6758,996,2023
145,Leonora Carrington. El juego surrealista,Caramel Films,2023-05-12,6753,1140,2023
146,"Mala familia, La",Sideral,2023-05-05,6538,1175,2023
147,Un dia Lobo Lopez,Maleta Films,2023-03-21,6511,1264,2023
148,1212. La batalla de Las Navas de Tolosa,39 Escalones,2023-11-02,6492,993,2023
149,"Sueño de la sultana, El",Filmin,2023-11-17,6204,1087,2023
150,En los margenes,Vertice,2022-10-07,6127,1735,2023
151,A los libros y a las mujeres canto,Txintxua Films,2023-04-21,6122,1130,2023
152,Tregua(s),Syldavia,2023-09-22,5787,1043,2023
153,"Agua, El",Elastica,2022-11-04,5770,1577,2023
154,Bailar la locura,Independent,2023-01-18,5680,892,2023
155,"Efecto All 1, El",Independent,2023-02-02,5676,543,2023
156,"Vida de Brianeitor, La",Notorious Pictures Spain,2023-10-11,5651,923,2023
157,Girasoles silvestres,A Contracorriente,2022-10-14,5337,1560,2023
158,Goya. El ojo que escucha,Version Digital,2022-10-28,5201,812,2023
159,"Mestra, La",Ambra Projectes Culturals,2023-11-01,5157,699,2023
160,"Un año, una noche",Bteam Pictures,2022-10-21,5088,1373,2023
161,Goerlich: El arquitecto que soño su ciudad,Independent,2023-04-25,4856,1014,2023
162,"Paradoja de Antares, La",ConUnPack,2023-06-27,4790,924,2023
163,Literato,Independent,2023-11-24,4676,820,2023
164,Panda contra Aliens,39 Escalones,2023-09-08,4583,774,2023
165,Venus,Begin Again Films,2023-02-17,4514,683,2023
166,Alteritats,Noucinemart,2023-06-13,4284,824,2023
167,Mujeres olvidadas,Oliete Films,2023-06-09,4212,732,2023
168,Liuben,Syldavia,2023-07-06,4156,721,2023
169,Cuanto me queda,A Contracorriente,2023-12-20,4005,679,2023
170,Camino de la suerte,Begin Again Films,2023-10-20,3991,686,2023
171,Bidean Jarraituz. Siguiendo en el camino,Independent,2023-02-10,3977,603,2023
172,"Velazquez, el poder y el arte",Version Digital,2022-11-11,3779,543,2023
173,Amanece,Syldavia,2023-11-17,3688,634,2023
174,"Consagración de la primavera, La",Aventura Cine,2022-09-30,3640,1059,2023
175,"Pecera, La",Sideral,2023-05-26,3571,687,2023
176,Satisfaction: sexo sin tapujos,Independent,2023-06-13,3442,604,2023
177,Viejos,La Dalia Films,2023-03-17,3349,584,2023
178,"Saldos, Los",Acariño Films,2023-06-09,3257,578,2023
179,Regreso a Raqqa,Minimal Films,2023-01-27,3036,542,2023
180,Una noche con Adela,ConUnPack,2023-12-01,2978,470,2023
181,Mi vida sin mí (2003) (re),Independent,2023-11-20,2961,299,2023
182,"Luis Cernuda, el habitante del olvido",39 Escalones,2023-10-26,2943,531,2023
183,"Maria Casares, la mujer que vivio mil vidas",Syldavia,2023-03-10,2877,638,2023
184,Capitan Carver,ConUnPack,2023-01-24,2792,422,2023
185,Bull Run,Caracter Films,2024-04-26,2731,565,2023
186,Venus (2022),Sony,2022-12-02,2710,521,2023
187,Cuerpo abierto (O Corpo Aberto),Filmax,2022-12-09,2688,585,2023
188,Marco Polo,Begin Again Films,2023-09-01,2644,396,2023
189,Unicorn Wars,Barton,2022-10-21,2603,627,2023
190,Julia,Independent,2023-09-14,2600,400,2023
191,Menina Casilda,Independent,2023-04-13,2581,399,2023
192,"Cartas perdidas, Las (La carcel y el exilio de las mujeres republicanas)",Syldavia,2022-05-13,2567,497,2023
193,"Ultima noche de Sandra M., La",Flamingo Films,2023-12-15,2560,445,2023
194,"Noches de Tefía, Las (Capítulo 1 y 2)",Beta Fiction,2023-06-22,2532,389,2023
195,Hay una puerta ahi,A Contracorriente,2023-11-01,2505,420,2023
196,Nato 0. El origen del mal,ConUnPack,2023-06-09,2449,463,2023
197,Anwar (Lleno de luz),Independent,2022-11-25,2448,438,2023
198,Muyeres,Independent,2023-12-16,2444,431,2023
199,Hafreiat,Begin Again Films,2023-05-19,2437,414,2023
200,"Rioja, la tierra de los mil vinos",Version Digital,2023-11-10,2436,465,2023
201,Lincessa. Los silencios del bosque,ConUnPack,2023-04-21,2362,483,2023
202,Semilla del son,Karma,2023-11-10,2297,353,2023
203,"Hogar, El",Independent,2023-03-03,2261,280,2023
204,"A las mujeres de España, Maria Lejarraga",Summer Films,2022-03-11,2193,615,2023
205,"Renglones torcidos de Dios, Los",Warner Bros,2022-10-06,2187,554,2023
206,Benito Perez Buñuel,Karma,2023-03-24,2111,843,2023
207,Gleich,Begin Again Films,2023-11-10,2095,338,2023
208,"Memoria Escondida, La",Begin Again Films,2023-06-23,2034,370,2023
209,No mires a los ojos,Universal,2022-11-04,2021,501,2023
210,"Caballeros de Santiago, Los",Independent,2023-06-14,2017,504,2023
211,"Contigo, contigo, y sin mí",Potenza Producciones,2023-11-09,2006,336,2023
212,"Beso de Dios, El",European Dreams Factory,2022-04-22,1996,287,2023
213,21 Paraiso,Begin Again Films,2023-11-21,1969,398,2023
214,Toda una vida,Filmin,2023-05-26,1939,344,2023
215,Un largo viaje,Premium,2023-11-10,1916,294,2023
216,"Libreria, La",A Contracorriente,2017-11-10,1913,492,2023
217,Isosceles,Puntal Films,2023-03-03,1908,436,2023
218,"No, no quiero",Vertigo Films,2023-11-24,1872,450,2023
219,"Importancia de llamarse Ernesto y la gilipollez de llamarse Eric, La",Oliete Films,2023-11-10,1864,365,2023
220,Persona (no) humana,Phoenix Entertaiment,2023-02-17,1845,274,2023
221,Vasil,Filmax,2022-11-04,1751,575,2023
222,Quest,Nanouk Films,2023-12-01,1707,361,2023
223,De interes general (Un barrio por un parque),Independent,2022-02-03,1697,299,2023
224,Pacifiction,Elastica,2022-09-02,1676,273,2023
225,Quatre Raons,Independent,2023-06-07,1632,309,2023
226,"Clara Campoamor, un voto para despertar",Independent,2023-02-19,1620,379,2023
227,918 gau,Begin Again Films,2022-09-30,1583,301,2023
228,Yerma 2030: La España VaciLada,Independent,2023-11-16,1536,96,2023
229,Teoria dels cossos,Independent,2023-11-24,1431,227,2023
230,Living Kultur,Selected Films,2023-06-01,1418,585,2023
231,Run Baby Run,Independent,2023-11-24,1398,198,2023
232,"Juego, El",Vertice,2023-09-01,1389,233,2023
233,Corazon de Padre,European Dreams Factory,2022-03-18,1376,197,2023
234,Yo tenia una vida,Begin Again Films,2023-11-24,1361,310,2023
235,42 Segundos,Universal,2022-09-02,1340,186,2023
236,Kené,Tiempos Dificiles Films,2023-10-27,1261,213,2023
237,Ahora la luz cae vertical,Independent,2023-10-06,1252,266,2023
238,Terenci: La fabulación infinita,Filmin,2023-09-15,1244,209,2023
239,"Embrujo de Quijat, El",Independent,2023-11-06,1232,411,2023
240,"Dulce sabor del éxito, El",Independent,2023-11-15,1230,213,2023
241,Nacer por nacer,Independent,2023-06-30,1216,205,2023
242,My Way Out,Atera Films,2023-03-31,1216,216,2023
243,In Albis,Independent,2023-09-28,1210,191,2023
244,Balas y Katanas,Independent,2023-05-26,1206,169,2023
245,"Efecto Darma, El",Molonko Films,2023-09-15,1203,204,2023
246,Bisbal,Independent,2023-10-12,1200,150,2023
247,Viento Sur,A Contracorriente,2023-07-14,1180,182,2023
248,"Mundo es suyo, El",Warner Bros,2018-06-22,1163,306,2023
249,"Mundo es nuestro, El",Festival Films,2012-06-22,1163,306,2023
250,Sol del Sur. El viaje de Mario Diaz,Independent,2023-11-13,1156,220,2023
251,"Caballos mueren al amanecer, Los",Independent,2023-03-14,1142,204,2023
252,5 dias con Eva,Independent,2023-03-17,1134,157,2023
253,M'esperaras?,Independent,2018-10-19,1097,283,2023
254,"Hada de las estaciones, El",Rita & Luca,2023-03-27,1086,220,2023
255,Petricor,Independent,2022-07-26,1082,287,2023
256,Reyes contra Santa,TriPictures,2022-11-18,1053,207,2023
257,People Fuck You Know,CineAND Distribución,2023-11-17,1036,174,2023
258,Shooting for Mirza,Margenes Distribucion,2023-02-24,1022,205,2023
259,Soy una buena persona,Independent,2023-03-24,1019,188,2023
260,A Dios pongo por testigo,Independent,2022-03-09,1017,146,2023
261,"Corriente, La. Ibiza Blue",ConUnPack,2023-06-16,1011,215,2023
262,Valentina,Super 8,2021-12-10,984,241,2023
263,"Tres muertes de Teofilo del Valle, Las",Independent,2023-05-09,974,270,2023
264,"Gran Camino, El",Super 8,2021-06-25,973,167,2023
265,"Alegres tiempos ""el concierto""",Independent,2023-03-31,970,97,2023
266,Novelda-Japon,Eigakan Films,2023-05-10,963,181,2023
267,Bienvenido Mr. Banksy,Cuerda Floja,2023-03-03,958,168,2023
268,"Negros, Los",European Dreams Factory,2022-03-25,957,225,2023
269,Black is Beltza II: Ainhoa,Barton,2022-09-30,924,199,2023
270,Carpetas azules,Independent,2022-11-08,910,189,2023
271,Placido (1961) (re),Independent,2018-12-03,906,177,2023
272,"Virgen de Agosto, La",Bteam Pictures,2019-08-15,890,163,2023
273,Sinfonia por un nuevo mundo,Independent,2023-01-18,872,140,2023
274,Ganado o Desierto,39 Escalones,2023-10-18,868,127,2023
275,"Amanece, que no es poco (1989) (re)",Independent,2023-03-23,861,182,2023
276,"Memoria del cine: una película sobre Fernando Méndez-Leite, La",A Contracorriente,2023-11-10,854,190,2023
277,Kepa Junkera Berpiztu / Kepa Junkera Renacer,Barton,2022-12-02,843,154,2023
278,Matadero,Begin Again Films,2022-12-09,835,168,2023
279,Mision a Marte,Vitrine Filmes,2023-09-29,824,165,2023
280,Stockholm,Festival Films,2013-11-08,820,136,2023
281,Beato. El origen del Xacobeo,39 Escalones,2023-11-09,794,148,2023
282,"Ultima Lidia, La",Moon Entertainment,2023-05-12,777,174,2023
283,"Crossroads, el viaje circular de Boa Mistura",Digital 104,2023-10-18,775,280,2023
284,Ilegales 82,Independent,2023-06-02,774,297,2023
285,Arnasa betean. A pulmón,Independent,2023-11-09,756,154,2023
286,"Vacaciones de Yoko, Las",Barton,2022-12-02,749,189,2023
287,Feliz no cumpleaños,Independent,2023-11-07,748,149,2023
288,Cancion perdida,Independent,2023-05-06,743,245,2023
289,"Acordes de la memoria, Los",Independent,2021-05-30,740,96,2023
290,"Niñas, Las",Bteam Pictures,2020-09-04,737,137,2023
291,"ADN de la memoria, El",Independent,2023-12-18,735,141,2023
292,Sola,Independent,2023-05-19,718,132,2023
293,Un cielo impasible,Independent,2023-01-20,706,154,2023
294,"Batalla del viento, La",Independent,2023-05-12,706,145,2023
295,Mi barrio: Vallecas,Independent,2023-09-30,696,115,2023
296,Cria cuervos (1976) (re),Mercury Films,2022-12-13,694,188,2023
297,Por un puñado de dolares (1964) (re),Mercury Films,2023-04-04,693,143,2023
298,Set de Dau Arnau,Fromzero Cinema,2023-04-20,678,107,2023
299,"Visita y un Jardín Secreto, La",Begin Again Films,2022-11-25,661,121,2023
300,Cabeza y corazon,Begin Again Films,2023-12-01,656,102,2023
301,Viridiana (1961) (re),Independent,2023-04-10,650,186,2023
302,"Valhalla, cielo de roca",Independent,2023-11-09,648,109,2023
303,Una rosa para Soler,Independent,2023-10-22,639,133,2023
304,"Cero.5, A",Syldavia,2023-03-24,622,95,2023
305,Codon es un maquina,Independent,2023-12-09,622,152,2023
306,Dias de futbol (2003) (re),Vertice,2023-06-08,609,101,2023
307,Hable con ella (2002) (re),El Deseo,2023-05-30,605,170,2023
308,AlterNativas: Construyendo futuros posibles,Independent,2023-04-25,600,169,2023
309,"Novia, La",Bteam Pictures,2015-12-11,598,96,2023
310,"Sueño de Sigena, El",Alfa Pictures,2021-11-09,598,115,2023
311,"Espejo, El",Independent,2022-10-22,581,114,2023
312,Beach House,Syldavia,2023-07-27,580,122,2023
313,"Valle del Concavenator, El",Independent,2023-02-24,572,103,2023
314,Operacion Brooklyn,Independent,2023-07-25,571,187,2023
315,Tacones sobre ruedas,Independent,2022-12-16,565,84,2023
316,Naturaleza muerta Sexy Sadie,Independent,2023-07-27,555,181,2023
317,Donde acaba la memoria,Surtsey Films,2022-12-02,530,105,2023
318,"Joven Paulo Coelho, El",Vercine,2016-12-23,524,89,2023
319,"Gallina Turuleca, La",Filmax,2020-01-01,520,130,2023
320,Mediterraneo,DeAPlaneta,2021-10-01,515,100,2023
321,Barrio (1998) (re),Independent,2023-05-11,515,85,2023
322,De eso no hablamos,Independent,2023-06-13,515,110,2023
323,Naturaleza de lo extraordinario,Selected Films,2023-05-12,514,198,2023
324,Remember My Name,Boogaloo,2023-11-24,511,87,2023
325,Estols,Fromzero Cinema,2023-09-29,511,126,2023
326,Heavies Tiernos,Paycom Multimedia,2023-12-22,504,82,2023
327,"Demonios de barro, Los",Syldavia,2022-11-18,496,321,2023
328,Tetuan,Independent,2023-10-06,494,123,2023
329,"Mas que amor, frenesi (1996) (re)",Independent,2023-07-06,493,89,2023
330,Tolyatti Adrift,Begin Again Films,2022-10-28,488,92,2023
331,Splendid Hotel. Rimbaud en Africa,Independent,2023-12-15,483,81,2023
332,Magical Girl,Avalon Distribución,2014-10-17,475,99,2023
333,Entre montañas,Wanda,2023-04-12,475,95,2023
334,10 de marzo,Independent,2022-11-24,469,91,2023
335,Inmotep,Independent,2023-04-21,459,72,2023
336,"Reina de España, La",Universal,2016-11-25,451,154,2023
337,"Deprisa, deprisa (1981) (re)",Independent,2021-02-25,446,216,2023
338,Frente al silencio,Independent,2023-11-05,442,147,2023
339,L'eternitat,Independent,2023-03-17,441,74,2023
340,Verano 1993,Avalon Distribución,2017-06-30,440,118,2023
341,H,Vitrine Filmes,2023-06-22,436,74,2023
342,Maria y la pelicula olvidada,Independent,2023-07-28,434,149,2023
343,"Orrit, Los",Independent,2023-05-25,430,75,2023
344,"Comensal, El",A Contracorriente,2022-05-27,430,115,2023
345,Mama no enRedes,DeAPlaneta,2022-07-01,430,151,2023
346,Black is Beltza,Barton,2018-10-05,418,110,2023
347,Fernanda y Bernarda,Independent,2023-11-21,417,81,2023
348,"Retablo de las maravillas. Apuntes para una pelicula sobre el Quijote, El",Independent,2023-04-22,414,80,2023
349,Footprints El Camino de tu Vida,Infinito mas uno,2016-09-23,409,72,2023
350,Ignifugas,Independent,2023-05-29,408,89,2023
351,Fusilados,Independent,2022-05-10,404,84,2023
352,D'Artacan y los tres mosqueperros,A Contracorriente,2021-08-18,400,70,2023
353,Absolución de Juan Alfredo Amil,Independent,2023-12-15,400,68,2023
354,"Que sabemos, Lo",ConUnPack,2022-11-25,399,109,2023
355,"Tirabeque, El",Independent,2022-11-25,393,63,2023
356,"Julia y Fernando, una historia de vida",Independent,2023-01-15,392,126,2023
357,"Pepi, Luci, Bom y otras chicas del monton (1980) (re)",Mercury Films,2023-06-08,388,76,2023
358,"Caja vacia, La",Independent,2023-02-28,383,76,2023
359,Carne roja (Conducta animal),Independent,2018-05-28,383,84,2023
360,Diamond Flash,Independent,2023-04-13,382,44,2023
361,Fauna,Nanouk Films,2023-11-10,371,75,2023
362,Quijote en Nueva York,Independent,2023-12-05,364,373,2023
363,Cantuña,Independent,2023-06-22,364,52,2023
364,"Vitoria, 3 de marzo",Filmax,2019-05-01,360,60,2023
365,"Hija de todas las rabias, La",Sherlock,2023-04-21,359,70,2023
366,Voy a pasarmelo bien,Sony,2022-08-12,359,146,2023
367,"Palabra justa, La",Independent,2018-02-19,356,66,2023
368,Licantropia,Independent,2023-12-18,348,58,2023
369,Cádiz-Madriz,Independent,2023-09-12,348,99,2023
370,Nazdrave Amigo!,Independent,2023-10-17,344,69,2023
371,¿Capaz o Incapaz?,Independent,2023-06-06,335,70,2023
372,"Explotando el Eden, lle-a-Vache",Independent,2023-09-14,331,99,2023
373,Fueron los días,Independent,2023-12-18,322,53,2023
374,Agua,Tiempos Dificiles Films,2022-02-11,321,38,2023
375,"FREE, Salir es posible",Independent,2023-10-21,316,162,2023
376,Dolor impune,Independent,2023-11-05,298,46,2023
377,Rabia kontra la makina,Independent,2022-09-10,296,48,2023
378,Camino a Chicuelo,Independent,2022-12-14,295,44,2023
379,"Sinsombrero, Las",Independent,2022-03-09,292,65,2023
380,"Caza, La (1966) (re)",Boccacio Distribucion,2023-03-10,289,64,2023
381,Guillermo Perez Villalta. Del agua y el Mediterraneo,Independent,2023-11-21,288,67,2023
382,Once Upon a Place,3boxmedia,2021-04-10,284,44,2023
383,Violeta no coge el ascensor,Independent,2023-09-14,284,52,2023
384,"Techo del mundo, El (1994) (re)",Independent,2023-03-21,283,63,2023
385,Oswald. El falsificador,Filmin,2022-09-30,283,88,2023
386,Afterwater,Independent,2023-10-06,280,53,2023
387,Emilia,Barton,2022-11-11,279,57,2023
388,Sueños y pan,Independent,2023-07-25,277,89,2023
389,Sender Barayon. Viaje hacia la luz,Independent,2023-04-18,277,54,2023
390,Memorias rotas,Independent,2023-10-23,277,68,2023
391,"Vida Chipen, La",Independent,2022-05-27,277,80,2023
392,Jose Luis Lopez Vazquez: ¡Que disparate!,Independent,2023-06-03,275,50,2023
393,"Orquesta terrestre, La",Atera Films,2022-04-08,272,272,2023
394,Uno para todos,A Contracorriente,2020-09-18,272,69,2023
395,Feudo,Independent,2023-12-14,271,51,2023
396,Hazlo por mi,Digital 104,2023-05-09,271,127,2023
397,Mi cabeza me hace trampas,Independent,2023-06-23,267,51,2023
398,Oblideu Tosquelles!,Independent,2023-12-22,262,73,2023
399,Carbon,Bteam Pictures,2023-12-29,258,35,2023
400,"Viaje a ninguna parte, El (1986) (re)",Independent,2023-03-08,258,86,2023
401,"Kapo, El",Independent,2023-05-07,252,249,2023
402,13 Exorcismos,Beta Fiction,2022-11-04,251,54,2023
403,Septiembre,Independent,2023-10-06,249,175,2023
404,Solo una vez,A Contracorriente,2021-06-11,248,148,2023
405,Crossroads: Paco Roca,Independent,2017-11-01,245,75,2023
406,Mujeres sin censura,Independent,2022-12-21,245,60,2023
407,El Bosco. El jardin de los sueños,Version Digital,2016-06-09,243,43,2023
408,"Balada perdida, La",Independent,2023-09-15,238,87,2023
409,Cuñados,Filmax,2021-04-09,236,53,2023
410,"Dias de la noche, Los",Independent,2023-06-07,235,47,2023
411,Sin libertad 20 años después,Independent,2023-10-24,230,71,2023
412,"Barcelona, noche de invierno",Splendor Films,2015-12-04,228,57,2023
413,Relatos salvajes,Warner Bros,2014-10-17,225,30,2023
414,Libertad,Avalon Distribución,2021-11-19,220,95,2023
415,Tierra y libertad (1995) (re),Independent,2023-05-10,219,49,2023
416,"Sonoma (Le film, pas le spectacle)",Independent,2023-09-13,215,34,2023
417,Salvar el arbol (Zutik!),Filmax,2021-10-22,213,61,2023
418,19,Syldavia,2023-03-31,212,35,2023
419,Siete Jereles,Independent,2023-03-03,211,37,2023
420,Conversaciones sobre el odio,Moon Entertainment,2023-10-20,206,36,2023
421,Ciudad de la Selva. Fuxidos y guerrilleros en los montes de Casaio,Independent,2022-09-20,204,149,2023
422,Cambio de sentido,Independent,2023-11-02,202,31,2023
423,Mapa,Avalon Distribución,2013-02-01,197,62,2023
424,Siete mesas de billar frances (2007) (re),Independent,2023-06-20,196,34,2023
425,"Sacromonte, los sabios de la tribu",Independent,2023-05-28,193,35,2023
426,"Pasajera, La",Karma,2022-02-18,193,48,2023
427,Gesto,Independent,2022-11-22,191,176,2023
428,"Costa Brava, Libano",Avalon Distribución,2022-05-27,189,92,2023
429,"Arte de la luz y la sombra, El",Independent,2023-11-03,187,26,2023
430,Vestida de azul (1983) (re),Independent,2023-03-10,186,53,2023
431,Sinjar,Filmax,2022-07-01,184,94,2023
432,"Red Ponzan, La",Independent,2023-03-09,182,137,2023
433,Ons,Bteam Pictures,2020-12-18,180,45,2023
434,Salvador Segui: Historia de un anarcosindicalista,Independent,2023-04-20,179,36,2023
435,"Dreamers, la pelicula",Independent,2023-01-18,175,39,2023
436,"Crack cero, El",Filmax,2019-10-04,175,50,2023
437,"Estafa del amor, La",Independent,2023-11-14,175,88,2023
438,Una mujer fantastica,Bteam Pictures,2017-10-12,174,41,2023
439,Salvador Dali. Diarios de juventud,Independent,2021-03-09,173,31,2023
440,Ama,Filmax,2021-07-16,165,33,2023
441,Dardara,Atera Films,2021-03-18,164,82,2023
442,Mironins. La pelicula,Independent,2021-12-03,164,41,2023
443,Dejen de prohibir que no alcanzo a desobedecer todo,Independent,2023-09-30,164,37,2023
444,Objetos,Filmax,2022-09-30,161,31,2023
445,"Silencio de otros, El",Bteam Pictures,2018-11-16,160,40,2023
446,Tengamos la fiesta en Paz,Infinito mas uno,2021-12-03,160,32,2023
447,Comuneros,ConUnPack,2022-06-17,160,33,2023
448,Padre no hay mas que uno 3,Sony,2022-07-14,158,52,2023
449,Quien te cantara,Caramel Films,2018-10-26,157,32,2023
450,Claret,Proyecfilm,2021-09-24,152,26,2023
451,Un novio para mi mujer,Universal,2022-07-22,151,47,2023
452,Trinta Lumes,Elamedia,2019-02-08,151,31,2023
453,"Europeos, Los",Filmax,2020-11-20,150,30,2023
454,Odradek,Marvin & Wayne,2023-06-02,148,24,2023
455,"Guerra mas larga, La",Independent,2021-11-18,146,32,2023
456,Sin ti no puedo,Filmax,2022-06-03,145,51,2023
457,Robin Bank,39 Escalones,2022-09-23,144,118,2023
458,"Hijo del acordeonista, El (Soinujolearen semea)",Filmax,2019-04-12,144,72,2023
459,"Precio del oro, El",Independent,2023-05-11,144,69,2023
460,Todos contra mí,Independent,2023-09-12,140,38,2023
461,"Derrota, La",Independent,2023-10-19,140,28,2023
462,Sonic Fantasy,Independent,2021-10-28,138,41,2023
463,Mas alla del terror (1980) (re),Independent,2023-04-22,137,27,2023
464,A diente de perro,Begin Again Films,2022-07-01,136,39,2023
465,Domingo Domingo,Independent,2023-07-23,136,55,2023
466,Llenos de gracia,Paramount Int'l,2022-06-24,135,27,2023
467,Todo sobre mi madre (1999) (re),Independent,2023-10-21,134,29,2023
468,España al descubierto,Baños Films,2023-11-17,132,44,2023
469,Bajo la sombra de la cruz gamada,Independent,2023-04-21,131,29,2023
470,Mi vacio y yo,Filmin,2022-09-09,126,65,2023
471,"Piel en llamas, La",Sherlock,2022-05-27,126,38,2023
472,Du Vin dans les Voiles,Independent,2023-07-23,122,48,2023
473,Libelulas,Begin Again Films,2022-09-16,122,32,2023
474,"Rey de La Habana, El",Filmax,2015-10-16,122,31,2023
475,"Milagro de P. Tinto, El (1998) (re)",Independent,2023-11-23,121,33,2023
476,"Espejo, Espejo",Filmax,2022-05-20,119,38,2023
477,"Casa entre los cactus, La",Filmax,2022-09-16,118,148,2023
478,Hay alguien en el bosque,Independent,2023-03-10,116,37,2023
479,Chavalas,Filmax,2021-09-03,113,28,2023
480,"Amor en su lugar, El",A Contracorriente,2021-12-03,112,86,2023
481,Errementari (El herrero y el diablo),Filmax,2018-03-02,110,55,2023
482,Sembrando sueños,Independent,2023-11-28,110,22,2023
483,Entre la vida y la muerte,Filmax,2022-07-14,110,29,2023
484,"Otro lado de la realidad, El",Alfa Pictures,2023-09-15,109,21,2023
485,Juan Marine. Un siglo de cine,Independent,2023-11-22,108,36,2023
486,Flores de tierra quemada. Estrategias del terror en Guatemala y España,Independent,2023-05-06,105,65,2023
487,Mi querida señorita (1972) (re),Mercury Films,2023-03-10,105,30,2023
488,Antier noche,Independent,2023-11-25,105,34,2023
489,Calavera resumida,Independent,2023-06-29,104,20,2023
490,Maixabel,Walt Disney,2021-09-24,104,27,2023
491,"Ritos sexuales del diablo, Los (1982) (re)",Independent,2023-05-13,103,19,2023
492,Pico Reja,Phoenix Entertaiment,2022-06-17,101,29,2023
493,Evangelio mayor,Independent,2023-06-28,101,30,2023
494,Lo que nunca te dije pero debería haberte dicho,Independent,2022-11-17,98,15,2023
495,Ana y los lobos (1973) (re),Mercury Films,2023-02-28,97,18,2023
496,"10,000 KM",Avalon Distribución,2014-05-15,96,15,2023
497,Morir,Golem,2017-10-06,95,19,2023
498,Mientras dure la guerra,Walt Disney,2019-09-27,95,19,2023
499,Visitante,Filmax,2022-02-11,95,27,2023
500,Mujeres al borde de un ataque de nervios (1988) (re),Independent,2022-09-17,94,19,2023
501,Descubriendo a Jose Padilla,Film Buro,2020-12-29,91,28,2023
502,Donde mas duele,Independent,2022-05-27,89,17,2023
503,8 Años,Phoenix Entertaiment,2023-01-20,89,17,2023
504,Secta siniestra (1982) (re),Independent,2023-05-06,88,16,2023
505,Peleamos,Independent,2023-11-14,88,22,2023
506,"522. Un gato, un chino y mi padre",Super 8,2019-07-05,88,22,2023
507,"Jusqu'ici, tout va",Independent,2022-07-30,88,16,2023
508,"Vida mas larga, La",Rizoma,2022-05-24,87,27,2023
509,Y todos arderan,Filmin,2023-06-02,87,16,2023
510,Escalofrio (1978) (re),Independent,2023-04-29,86,16,2023
511,Longa noite,Atalante,2019-12-05,83,17,2023
512,Vivir sin país. El exilio Rohingya,Phoenix Entertaiment,2023-01-04,82,14,2023
513,"Vientre del mar, El",Elastica,2021-11-12,80,20,2023
514,"Carlos Edmundo de Ory, el juego y la palabra",Independent,2023-10-02,79,20,2023
515,Antonio Machado. Los dias azules,Summer Films,2020-12-04,78,39,2023
516,Sis dies corrents,Filmax,2021-12-03,77,21,2023
517,Un dia mas con vida,Golem,2018-10-26,77,22,2023
518,Plata quemada (2000) (re),Independent,2023-07-13,76,25,2023
519,Os reviento,Independent,2023-11-22,74,43,2023
520,"Prima Angelica, La (1973) (re)",Mercury Films,2023-02-14,68,13,2023
521,"Vida padre, La",Paramount Int'l,2022-09-16,66,11,2023
522,Pacto de silencio: El Nani y la mafia policial,Independent,2023-11-06,66,11,2023
523,Goya 3 de mayo,A Contracorriente,2023-09-22,63,13,2023
524,Lua Vermella,Elamedia,2020-10-30,60,9,2023
525,Casilda. El eco de otros pasos,Independent,2023-02-02,60,15,2023
526,"Maniobra de Heimlich, La",Paycom Multimedia,2015-11-27,60,17,2023
527,Francesca y el amor,Independent,2022-10-14,59,17,2023
528,Donde la vida puede ser,Independent,2023-11-08,58,12,2023
529,"Fuga, La",Tus Ojos,2023-11-10,53,10,2023
530,Poemes,Sagrera,2023-05-26,51,9,2023
531,Tintin y el misterio de las naranjas azules (1964) (re),Independent,2023-01-07,51,11,2023
532,"Cerro de los Dioses, El",Begin Again Films,2020-10-30,49,14,2023
533,Jota de Saura,Sherlock,2016-10-07,49,9,2023
534,Duo,Atalante,2022-09-09,47,11,2023
535,Madres paralelas,Sony,2021-10-08,47,7,2023
536,Incierta gloria,Alfa Pictures,2017-03-17,47,9,2023
537,Cuando toco un animal,Independent,2023-07-28,46,22,2023
538,O Apostolo,Aquelarre,2012-10-31,46,13,2023
539,Casting,ConUnPack,2023-03-07,43,11,2023
540,"Espiritu de la colmena, El (1973) (re: 2016)",Wanda,2016-07-21,43,6,2023
541,A chat movie,Independent,2023-12-15,39,6,2023
542,Quien lo impide,Atalante,2021-10-22,36,7,2023
543,Cancion a una dama en la sombra,Independent,2022-10-26,35,8,2023
544,Espiritu sagrado,Aventura Cine,2021-11-26,35,10,2023
545,Zarata,Independent,2023-11-14,31,16,2023
546,"Escopeta nacional, La (1978)",A Contracorriente,2021-06-18,31,8,2023
547,"Matrioskas, las niñas de la guerra",Independent,2022-09-12,30,6,2023
548,"Playa de los ahogados, La",Syldavia,2015-10-09,30,4,2023
549,"Buen patron, El",TriPictures,2021-10-15,29,4,2023
550,Me cuesta hablar de mi,Independent,2022-03-03,27,5,2023
551,"Desentierro, El",Filmax,2018-11-16,26,11,2023
552,Buñuel en el laberinto de las tortugas,Wanda,2019-04-26,24,7,2023
553,Así se rodó Carne quebrada,Independent,2023-09-26,20,4,2023
554,"Tequila, Sexo, Drogas y rock & roll",Karma,2022-11-25,20,10,2023
555,"Negociadores, Los. Como construir la Paz",Independent,2023-06-04,18,4,2023
556,"Revolución bailando, La",Begin Again Films,2021-11-12,16,3,2023
557,Pijamas Espaciales,Elamedia,2022-07-01,16,3,2023
558,Nosotros no nos mataremos con pistolas,Filmax,2022-06-17,15,2,2023
559,Sucro,Independent,2023-05-11,14,22,2023
560,Besos negros,Begin Again Films,2023-10-27,12,2,2023
561,"Amor brujo, El (1986) (re)",Mercury Films,2023-04-23,11,2,2023
562,"Hija de un ladron, La",Bteam Pictures,2019-11-29,10,2,2023
563,"Banda, La",Super 8,2019-06-21,10,5,2023
564,Cristianos,Independent,2023-10-25,9,2,2023
565,"Critico, El",TCM,2022-10-07,7,2,2023
566,Pieles,Premium,2017-06-09,6,1,2023
567,"Dias que vendran, Los (Els dies que vindran)",Avalon Distribución,2019-06-28,5,1,2023
568,"Sol del membrillo, El (1992) (re)",Independent,2022-12-16,5,1,2023
1,Padre no hay mas que uno 4,Sony,2024-07-17,13442979,2179045,2024
2,"Infiltrada, La",Beta Fiction,2024-10-11,8108000,1274000,2024
3,Buffalo Kids,Warner Bros,2024-08-14,5226939,837070,2024
4,Odio el verano,Sony,2024-08-23,5211627,818250,2024
5,"Familia Beneton, La",Beta Fiction,2024-03-22,4067728,622534,2024
6,Ocho Apellidos Marroquis,Universal,2023-12-01,3286882,483445,2024
7,"47, El",A Contracorriente,2024-09-06,3228506,501667,2024
8,Casa en llamas,Vercine,2024-06-28,3068687,456805,2024
9,Menudas piezas,Paramount Int'l,2024-04-12,2546827,387581,2024
10,"Habitacion de al lado, La",Warner Bros,2024-10-18,2430999,395778,2024
11,Pideme lo que quieras,Warner Bros,2024-11-29,2027017,292513,2024
12,Dragonkeeper: Guardiana de dragones,A Contracorriente,2024-04-19,1961118,297035,2024
13,Valle de sombras,Walt Disney,2024-01-12,1673128,255190,2024
14,"Correo, El",Universal,2024-01-19,1643553,245738,2024
15,Cuerpo escombro,Walt Disney,2024-08-09,1499427,239178,2024
16,Soy Nevenka,Walt Disney,2024-09-27,1412468,236505,2024
17,"Virgen roja, La",Elastica,2024-09-27,1308046,219980,2024
18,Marco,Bteam Pictures,2024-11-08,1254805,206951,2024
19,¿Quién es quien?,DeAPlaneta,2024-12-05,1157179,177774,2024
20,Políticamente incorrectos,DeAPlaneta,2024-02-23,1074029,162820,2024
21,Al otro barrio,Walt Disney,2024-12-05,1060323,157659,2024
22,Escape,Beta Fiction,2024-10-31,662904,119575,2024
23,Un lio de millones,Sony,2024-12-20,647596,91941,2024
24,"Casa, La",A Contracorriente,2024-05-01,588216,100477,2024
25,"Destellos, Los",Caramel Films,2024-10-04,577693,97618,2024
26,"Estrella azul, La",Wanda,2024-02-23,550028,89305,2024
27,Sin instrucciones,Warner Bros,2024-12-25,540000,75615,2024
28,Puntos suspensivos,Vertice,2024-09-20,523487,85270,2024
29,Topuria: Matador,Filmax,2024-09-19,510267,73040,2024
30,Pajaros,Filmax,2024-04-05,506596,83444,2024
31,Hispanoamerica. Canto a la vida y esperanza,Bosco Films,2024-04-12,478359,64378,2024
32,"Joia: Bad Gyal, La",Avalon Distribución,2024-10-24,440623,51860,2024
33,Volvereis,Elastica,2024-08-30,421850,68957,2024
34,SuperKlaus,Filmax,2024-12-05,374108,66029,2024
35,Heroes del Central Park,A Contracorriente,2024-08-30,336656,55364,2024
36,"Maestro que prometio el mar, El",Filmax,2023-11-10,334406,57146,2024
37,Segundo premio,Bteam Pictures,2024-05-24,332813,57334,2024
38,Amanece en Samana,Universal,2024-11-08,320249,51185,2024
39,Caida libre,Universal,2024-05-17,288220,46522,2024
40,Por tus muertos,Walt Disney,2024-03-08,271489,41059,2024
41,Matusalen,Flins y Piniculas,2024-04-05,262519,41187,2024
42,¿Es el enemigo? La película de Gila,Filmax,2024-12-13,254313,41267,2024
43,Isla perdida (Haunted Heart),Bteam Pictures,2024-08-23,252902,41896,2024
44,Robot Dreams,Bteam Pictures,2023-12-06,248958,41499,2024
45,"Disco, Ibiza, Locomia",DeAPlaneta,2024-05-17,238123,38233,2024
46,"Navidad en sus manos, La",A Contracorriente,2023-12-01,211936,32028,2024
47,"Llanto, El",Universal,2024-10-25,199598,32401,2024
48,Estacion Rocafort,Filmax,2024-09-06,195979,29215,2024
49,Raqa,DeAPlaneta,2024-11-22,195773,33371,2024
50,"Pequeños amores, Los",Bteam Pictures,2024-03-08,190566,31520,2024
51,"Guitarra flamenca de Yerai Cortes, La",A Contracorriente,2024-12-20,169298,23937,2024
52,Mala persona,Filmax,2024-07-03,165301,28670,2024
53,Tratamos demasiado bien a las mujeres,Filmax,2024-03-15,162683,26724,2024
54,Yo no soy esa,Sony,2024-10-31,138527,26690,2024
55,Verano en diciembre,Vertigo Films,2024-11-08,135613,23908,2024
56,20.000 Especies de abejas,Bteam Pictures,2023-04-21,124267,22075,2024
57,Hotel Bitcoin,DeAPlaneta,2024-09-13,119532,19704,2024
58,Calladita,Karma,2024-05-17,119214,20359,2024
59,Justicia Artificial,A Contracorriente,2024-09-13,118231,19470,2024
60,"Bus de la vida, El",A Contracorriente,2024-07-03,116193,19675,2024
61,Nina,Bteam Pictures,2024-05-10,115336,20378,2024
62,+Cuñados,Baños Films,2024-04-19,108332,17031,2024
63,Tu madre o la mia: guerra de suegras,A Contracorriente,2024-08-02,103816,18163,2024
64,"Abuela y el forastero, La",Caracter Films,2024-09-13,97414,17533,2024
65,"Abadesa, La",Wanda,2024-03-22,95145,15093,2024
66,"Guadalupe, Madre de la Humanidad",European Dreams Factory,2024-03-01,92668,13264,2024
67,Mamifera,Filmax,2024-04-26,90304,14183,2024
68,Un mal dia lo tiene cualquiera,Warner Bros,2024-01-26,85836,13650,2024
69,Buscando a Coque,Filmax,2024-02-14,79896,13241,2024
70,Rita,Filmax,2024-10-25,77353,14212,2024
71,"Salto, El",Filmax,2024-04-12,76177,13665,2024
72,Polvo seran,Elastica,2024-11-15,71738,12049,2024
73,"Chicas de la estacion, Las",A Contracorriente,2024-11-22,69077,11922,2024
74,As Neves,Sideral,2024-05-10,66763,11844,2024
75,Norberta,Filmax,2024-07-25,57206,9500,2024
76,Anatema,Sony,2024-11-08,54475,8203,2024
77,"Ultimos romanticos, Los",A Contracorriente,2024-11-15,53777,10012,2024
78,Patria y vida: The Power of Music,Bosco Films,2024-10-18,52750,7446,2024
79,Alumbramiento,Filmax,2024-06-19,50890,8479,2024
80,Reinas,Bteam Pictures,2024-09-06,50199,8568,2024
81,Desmontando a Lucia,TriPictures,2024-11-29,49253,8392,2024
82,Por donde pasa el silencio,Bteam Pictures,2024-11-29,49010,8469,2024
83,Un Amor,Bteam Pictures,2023-11-10,46215,8911,2024
84,"Williams, Los",39 Escalones,2024-10-31,44844,8241,2024
85,Salve María,Elastica,2024-10-31,44150,8792,2024
86,Saben aquell,Warner Bros,2023-11-01,43982,8428,2024
87,Un lugar comun,Alfa Pictures,2024-08-14,43845,8052,2024
88,"Mujer dormida, La",Filmax,2024-05-31,42312,9417,2024
89,Johnny Puff. Misión Secreta,Maravillas Distribuciones,2024-04-05,38456,6314,2024
90,"Mis ganas ganan, la historia de Elena Huelva",39 Escalones,2024-04-05,37005,5422,2024
91,Honeymoon,Filmax,2024-01-12,35502,6043,2024
92,Un angel llamado Rebeca,European Dreams Factory,2024-04-26,33483,5245,2024
93,Mientras seas tu,Filmax,2024-02-09,31080,5629,2024
94,Historias,Vertice,2024-05-24,30316,5439,2024
95,Slow,Surtsey Films,2024-01-19,30021,5139,2024
96,Blondi,Karma,2024-07-03,29573,5346,2024
97,Solos en la noche,Summer Films,2024-09-20,26612,4666,2024
98,Canigo 1883,Independent,2024-01-17,26527,4072,2024
99,Faro,Alfa Pictures,2024-01-26,25333,4280,2024
100,"Zoo, Sobreviure a l'incendi",39 Escalones,2024-11-22,24625,3497,2024
101,Samsara,Atalante,2023-12-20,24082,4012,2024
102,Mariposas negras,Sideral,2024-12-13,22183,4022,2024
103,Terapia de parejas,Urresti Producciones,2024-02-14,21369,3838,2024
104,Valenciana,Caracter Films,2024-10-18,21345,3577,2024
105,Creatura,Avalon Distribución,2023-09-08,20712,3608,2024
106,7291,Independent,2024-11-13,19105,2848,2024
107,Dalia y el libro rojo,Alfa Pictures,2024-10-25,18967,3196,2024
108,"Home dels nassos, L'",Filmax,2024-01-19,18597,3001,2024
109,Negu hurbilak,Begin Again Films,2024-02-23,18337,3054,2024
110,Prefiro condenarme,Atalante,2024-11-22,17899,3235,2024
111,Caballos,Alberto Jose Redondo Villa,2023-11-23,16646,2503,2024
112,"Controversia de Valladolid. El amanecer de los Derechos Humanos, La",OmniCorp Estudio,2024-04-15,16288,2368,2024
113,"Valencia, t'estime",Caracter Films,2024-06-07,15757,2624,2024
114,"Reina del convento, La",Begin Again Films,2024-02-02,15603,2829,2024
115,Cerrar los ojos,Avalon Distribución,2023-09-29,15498,3556,2024
116,Un paseo por el Borne,Begin Again Films,2024-07-25,14596,2634,2024
117,"Amigo de todos, El",Surtsey Films,2024-04-24,13616,2447,2024
118,Marisol llamame Pepa,Me Lo Creo,2024-05-10,13225,2226,2024
119,Robotia,Barton,2024-06-07,12775,2460,2024
120,Un sol radiant,Begin Again Films,2024-05-17,12545,2206,2024
121,Una estrella fugaz,European Dreams Factory,2024-10-11,11258,1678,2024
122,"Bandera, La",A Contracorriente,2024-06-14,11069,1858,2024
123,"Fianza, La",Syldavia,2024-12-05,10810,1645,2024
124,Bizkarsoro,Independent,2024-01-12,10521,2077,2024
125,"Hojarasca, La",Pleamar Films,2024-09-13,10291,1709,2024
126,"Gigante de Es Vedrá y otras leyendas, El",Independent,2024-11-08,10082,1813,2024
127,"Efecto ALL1, El: Parte II",Independent,2024-10-17,9841,619,2024
128,"Ultimos pastores, Los",Wanda,2024-05-31,9552,1890,2024
129,"Musical de los 80 a los 90, El",Maravillas Distribuciones,2024-08-14,9527,1630,2024
130,Campeonex,Universal,2023-08-18,9318,2130,2024
131,"Book, The",Moon Entertainment,2024-11-08,9286,1473,2024
132,Societat negra (Sociedad negra),Segarra,2024-10-25,8506,1575,2024
133,"Caso Angelus, la fascinacion de Dalí, El",Puntal Films,2024-11-22,8415,1271,2024
134,Rock Bottom,Avalon Distribución,2024-12-13,8212,1218,2024
135,"Metodo Farrer, El",Vertice,2024-08-30,7982,1632,2024
136,Un dia cualquiera,Jose Texeira,2024-04-12,7971,1320,2024
137,Escanyapobres,Caracter Films,2024-11-29,7682,1394,2024
138,L'Edat Imminent,Independent,2024-12-13,7571,1181,2024
139,"Medjugorje, la pelicula",European Dreams Factory,2021-10-01,7310,1026,2024
140,Tivoli,Independent,2024-06-21,7125,1229,2024
141,"Galeria de las colecciones reales: Patrimonio de todos, La",Version Digital,2024-04-15,7022,1226,2024
142,Orgullo Vieja,Independent,2024-09-24,6982,1073,2024
143,"Aspirante, El",Begin Again Films,2024-09-20,6969,1138,2024
144,Las armas no borraran tu sonrisa,Independent,2024-01-25,6964,1101,2024
145,"Aníbal, el arquitecto de Sevilla",Mosaico,2023-11-24,6795,1331,2024
146,"Fuga, La",A Contracorriente,2024-05-10,6477,1059,2024
147,Chinas,A Contracorriente,2023-10-06,6439,1255,2024
148,On the Go,Jur Jur Productions,2024-06-28,6238,1124,2024
149,"Parra, La",Begin Again Films,2024-12-13,6115,1048,2024
150,Os reviento,The Other Side Films,2024-09-13,5972,944,2024
151,"Traineras, pasion por el remo",Independent,2024-09-13,5924,963,2024
152,Cristina Garcia Rodero: La mirada oculta,Wanda,2023-12-01,5821,1319,2024
153,Rapa,Baños Films,2024-03-22,5767,1065,2024
154,Generaciones en un escenario (40 años de música en Valladolid),Independent,2024-04-19,5569,847,2024
155,Llobas,Alfa Pictures,2024-07-17,5559,1196,2024
156,"Mesita del comedor, La",Independent,2023-11-30,5519,950,2024
157,Esta ambicion desmedida,Avalon Distribución,2023-10-26,5476,1123,2024
158,Te estoy amando locamente,Filmax,2023-07-06,5422,1434,2024
159,Palacio Estilistas,Syldavia,2024-01-12,5310,751,2024
160,Hoy es todavia,Son Pelis,2024-04-12,5265,1062,2024
161,"Parque, El",Independent,2024-12-12,5061,1228,2024
162,"Montserrat, Integral 107",Independent,2024-10-26,4836,825,2024
163,Ullate. La danza de la vida,Syldavia,2024-04-25,4656,710,2024
164,Bartolome Bermejo: El despertar de un genio,A Contracorriente,2024-09-20,4569,739,2024
165,"Zona vacia, La",Begin Again Films,2024-11-15,4471,631,2024
166,Un hombre sin miedo,Independent,2024-06-07,4430,688,2024
167,"Restos del pasar, Los",Les Films de la Resistance,2024-11-29,4212,851,2024
168,Historia de pastores,Independent,2024-10-25,4162,830,2024
169,Laberinto de sombras,Independent,2024-05-10,4115,666,2024
170,Peleamos,ConUnPack,2024-02-23,3980,723,2024
171,Exopia,Independent,2023-11-09,3974,683,2024
172,"Chicas estan bien, Las",Elastica,2023-08-25,3840,839,2024
173,En la alcoba del sultan,Sideral,2024-11-15,3802,730,2024
174,O Corno,Elastica,2023-10-11,3784,959,2024
175,Un volcan habitado,Independent,2024-06-13,3745,633,2024
176,Manolo Kabezabolo,Syldavia,2024-05-17,3518,625,2024
177,Secundarias,La Esgueva Films,2023-11-17,3428,611,2024
178,Tu no eres yo,Caracter Films,2024-12-13,3300,529,2024
179,Parir,Caracter Films,2023-10-10,3278,588,2024
180,"Iberia, naturaleza infinita",Acaju,2023-03-17,3263,751,2024
181,Joan Bennassar - Raons Humanes,A Contracorriente,2024-07-20,3223,582,2024
182,Mi hermano Ali,Syldavia,2024-11-22,3076,650,2024
183,Dispararon al pianista,Bteam Pictures,2023-10-06,3017,807,2024
184,"Tr3s partes del espejo, Las",Independent,2024-03-16,3013,474,2024
185,Amor platonico,The Social Dog,2024-06-13,2986,461,2024
186,"Chaplin, espiritu gitano",Bteam Pictures,2024-12-13,2983,508,2024
187,Sembrando sueños,Enciende Television,2024-02-14,2939,625,2024
188,Domingo Domingo,Independent,2023-07-23,2901,528,2024
189,Alemania,Sideral,2024-02-09,2885,509,2024
190,"Amor de Andrea, El",Filmax,2023-11-24,2837,841,2024
191,Saturno,Les Films de la Resistance,2024-10-04,2802,418,2024
192,Caleta Palace,Independent,2023-11-24,2781,518,2024
193,Awards. Beyond the limits of hairdressing,Begin Again Films,2024-01-15,2778,441,2024
194,Third Week,Flamingo Films,2024-06-28,2758,503,2024
195,"Anaga, Naturaleza Infinita",Independent,2024-12-13,2742,691,2024
196,Matria,Avalon Distribución,2023-03-24,2740,693,2024
197,UnCancelled,Caracter Films,2024-03-08,2687,399,2024
198,Que nadie duerma,Wanda,2023-11-17,2537,655,2024
199,Invasion,A Contracorriente,2024-06-28,2515,435,2024
200,Teresa,Bteam Pictures,2023-11-24,2515,480,2024
201,Mugaritz. Sin pan ni postre,Avalon Distribución,2024-09-27,2238,356,2024
202,Animal/Humano,Margenes Distribucion,2024-04-05,2115,307,2024
203,Jeanette: Soy Rebelde,RTVE,2024-10-18,2113,322,2024
204,Nueva Tierra,Begin Again Films,2024-09-06,2082,363,2024
205,Cien libros juntas,Independent,2024-07-27,2059,397,2024
206,Flying Hands,Independent,2024-11-03,2045,409,2024
207,Vidas irrenovables,Independent,2024-10-10,2011,349,2024
208,Ganado o Desierto,39 Escalones,2023-10-18,2008,325,2024
209,"Auto das animas, O",Independent,2024-05-03,2002,350,2024
210,"Amantes astronautas, Los",Independent,2024-11-17,1985,385,2024
211,Arantzazu,Independent,2024-04-12,1968,487,2024
212,Tiempo de Zarzuela,Version Digital,2023-10-10,1949,288,2024
213,"Vida empieza hoy, La",Teaser Films,2024-06-13,1895,365,2024
214,"Reir, cantar, tal vez llorar",Independent,2024-09-24,1866,357,2024
215,Upon Entry (La llegada),Karma,2023-06-16,1865,471,2024
216,Intersex,Independent,2024-04-27,1832,345,2024
217,Waldo,Dada Films,2024-11-15,1811,298,2024
218,Tierra de Atlantes,Independent,2024-11-22,1799,448,2024
219,"Vacances de Mara, Les",Puntal Films,2024-09-27,1796,359,2024
220,Una vida no tan simple,A Contracorriente,2023-06-23,1789,533,2024
221,Solas (1999) (re),A Contracorriente,2022-11-22,1744,431,2024
222,Voy a desaparecer,Begin Again Films,2024-09-19,1742,294,2024
223,Pepi Fandango,Moon Entertainment,2024-09-06,1721,306,2024
224,"Cenerentola, La -Teatro Real (Opera)",Version Digital,2023-11-23,1709,208,2024
225,Diario de mi sextorsion,Syldavia,2024-10-11,1700,266,2024
226,"Funcion, La",Independent,2024-04-08,1674,302,2024
227,"Espazos en branco, Os",Independent,2024-11-06,1627,253,2024
228,Sumario 3/94,Begin Again Films,2024-12-05,1617,221,2024
229,"Traginer de cancons, El",Independent,2024-11-14,1597,324,2024
230,"Tonos mayores, Los",39 Escalones,2024-07-12,1584,305,2024
231,Momias,Warner Bros,2023-02-24,1537,1007,2024
232,Bull Run,Caracter Films,2024-04-26,1489,262,2024
233,Golpe a golpe,Hemisphere Films,2024-05-24,1414,224,2024
234,"Fin de viaje, Sahara",Independent,2024-11-01,1412,383,2024
235,Tu sangre,The Other Side Films,2024-10-31,1376,249,2024
236,"Beso de Dios, El",European Dreams Factory,2022-04-22,1366,215,2024
237,"Contadora de Peliculas, La",A Contracorriente,2023-10-27,1332,242,2024
238,Sergi Mingote K2 Invernal,Independent,2024-06-07,1330,178,2024
239,Gallo Rojo,La Esgueva Films,2024-12-20,1325,211,2024
240,Hate Songs,Sideral,2024-04-19,1290,772,2024
241,"Contigo, contigo, y sin mí",Potenza Producciones,2023-11-09,1252,306,2024
242,Antonio Vega: Tu voz entre otras mil,Karma,2014-05-15,1246,136,2024
243,"Imatge permanent, La",Aventura Cine,2023-11-17,1227,296,2024
244,Piezas,Maravillas Distribuciones,2024-11-15,1200,227,2024
245,Valentina,Super 8,2021-12-10,1191,272,2024
246,Alteritats,Noucinemart,2023-06-13,1186,195,2024
247,Art d'alçada,Independent,2024-03-12,1181,235,2024
248,"Carga, La",Independent,2024-07-25,1176,216,2024
249,Amanece,Syldavia,2023-11-17,1152,317,2024
250,Aliento,Independent,2024-12-17,1150,230,2024
251,Guarapo (1987) (re),Independent,2024-03-08,1124,173,2024
252,Bajo terapia,Syldavia,2023-03-17,1097,203,2024
253,Nacido en Gaza,39 Escalones,2014-12-12,1091,183,2024
254,"Primera mirada, La",Independent,2024-06-14,1078,176,2024
255,"Sur, El (1983) (re)",Avalon Distribución,2023-09-01,1072,201,2024
256,"Sueño de la sultana, El",Filmin,2023-11-17,1047,303,2024
257,Donde acaba la memoria,Surtsey Films,2022-12-02,1040,258,2024
258,"Sexo, drogas, rock 'n' roll y política. Instituto Santamarca, 1975-1985",Independent,2024-02-15,1029,213,2024
259,Alimañas,Sony,2023-10-27,1020,324,2024
260,"Binu, historia de dos estrellas",Independent,2024-05-07,980,153,2024
261,Aire,Independent,2024-05-10,973,137,2024
262,"Constructores de la Alhambra, Los",Version Digital,2022-11-25,951,168,2024
263,Veronica,Sony,2017-08-25,946,158,2024
264,Oblideu Tosquelles!,Independent,2023-12-22,944,147,2024
265,"Estigma del silencio, El",Independent,2024-12-10,942,159,2024
266,"ADN de la memoria, El",Independent,2023-12-18,933,183,2024
267,Arnasa betean. A pulmón,Independent,2023-11-09,926,147,2024
268,Agora (2009) (re),Independent,2024-03-08,925,185,2024
269,"Ulu, un latido universal",Independent,2017-09-29,855,95,2024
270,"Vida en una gota, La",Independent,2024-11-26,855,285,2024
271,As bestas,A Contracorriente,2022-11-11,854,285,2024
272,Rebeladas,Independent,2024-04-04,844,152,2024
273,Sobre todo de noche,Atalante,2023-12-01,837,166,2024
274,"Lengua de las mariposas, La (1999) (re)",Independent,2024-03-16,833,154,2024
275,"Llamada, La",DeAPlaneta,2017-09-29,832,137,2024
276,Una casa en el pueblo,Digital 104,2024-10-18,818,142,2024
277,Sueños y pan,Mubox.Studio,2023-07-25,817,272,2024
278,Mamacruz,Filmax,2023-10-27,789,201,2024
279,Bidasoa 2018-2023,Barton,2023-10-20,782,137,2024
280,Kostaldetik gertuko istorioak,Independent,2024-08-02,775,124,2024
281,Five Days to Dance,Planeta Med,2014-11-21,763,214,2024
282,¿Quien quiere casarse con un astronauta?,Independent,2024-11-22,762,177,2024
283,Codon es un maquina,Independent,2023-12-09,758,120,2024
284,"Respira, mama",Independent,2024-06-07,751,152,2024
285,Al margen,The Other Side Films,2024-11-20,746,171,2024
286,"Pecera, La",Sideral,2023-05-26,729,137,2024
287,"Cine, registro vivo de nuestra memoria",Independent,2022-08-12,720,235,2024
288,A Esmorga,Via Lactea,2014-11-21,717,120,2024
289,Amigos hasta la muerte,A Contracorriente,2023-09-22,683,232,2024
290,Tiempo de silencio (1986) (re),Independent,2024-02-20,674,197,2024
291,Red Horn,Independent,2024-04-26,659,85,2024
292,Cancion perdida,Independent,2023-05-06,647,98,2024
293,Literato,Independent,2023-11-24,645,140,2024
294,Carbon,Bteam Pictures,2023-12-29,644,134,2024
295,"Fugida, La",Independent,2024-05-15,633,119,2024
296,Equipo Cronica. Arte de trinchera,Independent,2024-05-04,630,459,2024
297,"Orrit, Los",Independent,2023-05-25,630,90,2024
298,Quien puede matar a un niño (1976) (re),Independent,2022-06-13,628,112,2024
299,Revolucion Bitcoin,New Frecuency,2024-07-22,622,94,2024
300,Reflejos en una habitacion,39 Escalones,2024-09-27,622,104,2024
301,"Escopeta nacional, La (1978)",A Contracorriente,2021-06-18,614,189,2024
302,"Intocables de Carles Cases, Los",Reverso Films,2024-03-22,613,95,2024
303,"Salon, El",Independent,2024-07-21,604,151,2024
304,Summers el rebelde,Maravillas Distribuciones,2024-03-15,595,116,2024
305,Cosas que nunca te dije (1996) (re),Independent,2024-04-23,593,135,2024
306,"Cielo no puede esperar, El",European Dreams Factory,2023-02-24,590,118,2024
307,Vacaciones de verano,Sony,2023-07-06,566,177,2024
308,Sica,A Contracorriente,2023-05-19,565,103,2024
309,Dulcinea,Independent,2024-06-19,561,143,2024
310,Buscando a Nika,Independent,2024-07-18,552,86,2024
311,"Calle Ancha, Fin de Siglo",Independent,2024-10-25,548,74,2024
312,"Sueño del ladron, El",Independent,2024-04-18,539,107,2024
313,Hanna y los monstruos,Alfa Pictures,2023-04-21,525,358,2024
314,Muerte de un ciclista (1955) (re),Mercury Films,2023-12-29,523,121,2024
315,Escribir no es normal,Independent,2024-12-18,522,116,2024
316,"Espera, La",Maravillas Distribuciones,2023-12-15,519,81,2024
317,Homofobia de estado,Independent,2024-06-16,519,97,2024
318,"Dios prohibido, Un",Proyecfilm,2013-06-14,512,128,2024
319,De interes general (Un barrio por un parque),Independent,2022-02-03,510,79,2024
320,Irklais per Atlanta,Independent,2024-07-05,510,51,2024
321,Donde vamos a vivir. Mujeres contra el desahucio,Independent,2024-11-12,507,102,2024
322,Landrian,Independent,2024-09-10,502,82,2024
323,"Explotando el Eden, lle-a-Vache",Independent,2023-09-14,500,88,2024
324,Amor en toda la cara,Independent,2024-06-07,498,149,2024
325,"Salvaxe, Salvaxe",Independent,2024-10-02,492,118,2024
326,"Cuadro, El",Super 8,2019-11-08,488,104,2024
327,Manticora,Bteam Pictures,2022-12-09,486,108,2024
328,Sis dies corrents,Filmax,2021-12-03,484,121,2024
329,"Gallina Turuleca, La",Filmax,2020-01-01,484,121,2024
330,"Singla, La",Atera Films,2023-11-10,481,90,2024
331,"Revolucion de las musas, La",Independent,2024-12-12,480,69,2024
332,Erase una vez en Canarias,Nekkenti,2023-09-22,479,84,2024
333,Sacar a la luz. La memoria de las artistas rapadas,Independent,2021-11-05,477,241,2024
334,Extraña forma de vida,Bteam Pictures,2023-05-26,476,69,2024
335,Ghosts of the Chelsea Hotel (and Other Rock & Roll Stories),Independent,2024-10-21,476,68,2024
336,Muerte en Amara,Independent,2024-10-25,471,98,2024
337,"Ultima noche de Sandra M., La",Flamingo Films,2023-12-15,464,86,2024
338,Teoria dels cossos,Independent,2023-11-24,463,102,2024
339,"Hola, ¿Estas sola? (1995)",Independent,2022-01-12,461,79,2024
340,"Casa Bloc, rehabilitación de una idea",Independent,2024-04-18,457,81,2024
341,En los margenes,Vertice,2022-10-07,456,152,2024
342,"Witch Story, A",Independent,2024-09-30,450,85,2024
343,Goya. El ojo que escucha,Version Digital,2022-10-28,436,80,2024
344,Mamantula,Marvin & Wayne,2024-06-03,435,92,2024
345,Nadie quiere la noche,Filmax,2015-11-27,426,91,2024
346,"Derrota, La",Independent,2023-10-19,417,74,2024
347,Bofi,Independent,2024-09-21,412,60,2024
348,"Crack, El (1981) (re)",A Contracorriente,2024-11-18,410,115,2024
349,"Tres muertes de Teofilo del Valle, Las",Independent,2023-05-09,404,87,2024
350,Parias de la Tierra,39 Escalones,2022-02-17,404,79,2024
351,"Decision de Joaquina, La",Independent,2024-12-15,399,74,2024
352,Tren de sombras (1997) (re),Independent,2024-04-30,394,130,2024
353,Caparros. Las botas del entrenador,Maravillas Distribuciones,2024-04-26,390,60,2024
354,Buscando a la Santa Compaña,Independent,2024-10-27,382,56,2024
355,Poemes,Sagrera,2023-05-26,381,81,2024
356,"Novia, La",Bteam Pictures,2015-12-11,380,69,2024
357,"Favor, El",Universal,2023-11-10,377,96,2024
358,"Perdona bonita, pero Lucas me queria a mi (1997) (re)",Independent,2024-07-10,375,52,2024
359,Hagase tu voluntad,Independent,2024-09-03,373,116,2024
360,"Red Ponzan, La",Independent,2023-03-09,371,65,2024
361,Mataharis (2007) (re),Mercury Films,2024-09-19,371,71,2024
362,"Latido del Cielo, El",European Dreams Factory,2023-11-17,365,81,2024
363,"Techo amarillo, El",Bteam Pictures,2022-12-16,361,77,2024
364,"Benin, infancia robada",Independent,2024-07-21,360,90,2024
365,Alguien que cuide de mi,A Contracorriente,2023-04-28,359,128,2024
366,Samuel: Hollywood vs Hollywood,Independent,2024-04-18,359,55,2024
367,Confesiones Chin Chin,Independent,2024-11-18,357,84,2024
368,"Procura da estrela, A",Independent,2024-01-15,354,61,2024
369,Yo tenia una vida,Begin Again Films,2023-11-24,352,90,2024
370,El Bosco. El jardin de los sueños,Version Digital,2016-06-09,342,54,2024
371,A los que aman (1998) (re),Independent,2024-04-23,340,78,2024
372,"Sombra del tiburón, La",Independent,2024-03-16,338,82,2024
373,"Buen patron, El",TriPictures,2021-10-15,330,60,2024
374,"Contra etiqueta, La",Independent,2024-04-15,327,58,2024
375,Mi vida sin mí (2003) (re),Independent,2023-11-20,326,71,2024
376,Historias del Kronen (1995) (re),Independent,2024-07-26,320,80,2024
377,Ayer no termina nunca,A Contracorriente,2013-04-26,319,70,2024
378,"Parasceve, retrato de una Semana Santa",European Dreams Factory,2022-02-25,315,44,2024
379,"Dormiamos, despertamos",Independent,2024-05-15,312,59,2024
380,Fernanda y Bernarda,Independent,2023-11-21,312,39,2024
381,Sol del Sur. El viaje de Mario Diaz,Independent,2023-11-13,310,52,2024
382,"Sirvienta, La",Proyecfilm,2023-03-24,307,76,2024
383,Memorias de un cuerpo que arde,Independent,2024-11-29,303,152,2024
384,Libertad,Avalon Distribución,2021-11-19,300,50,2024
385,"Techo del mundo, El (1994) (re)",Independent,2023-03-21,297,54,2024
386,"Tequila, Sexo, Drogas y rock & roll",Karma,2022-11-25,297,43,2024
387,In Memoriam Biel,Independent,2024-10-10,290,51,2024
388,Itsasoak pizten gaitu (Somos mar),Independent,2024-05-11,285,20,2024
389,Momonsters la pelicula,Notorious Pictures Spain,2023-12-06,284,54,2024
390,"Vida secreta de las palabras, La (2005) (re)",Independent,2024-05-07,283,62,2024
391,"Santos inocentes, Los (1984) (re)",Universal,2020-10-15,283,45,2024
392,"Niñas, Las",Bteam Pictures,2020-09-04,275,50,2024
393,Capitanes de abril (2000) (re),Independent,2024-05-07,274,47,2024
394,"Soy Cloe, existo",Independent,2024-10-25,273,135,2024
395,"Ciudad quemada, La (1976) (re)",Independent,2024-02-29,273,65,2024
396,Vaca mugiendo entre ruinas,Independent,2021-06-18,272,47,2024
397,Todo sobre mi madre (1999) (re),Independent,2023-10-21,266,271,2024
398,Arrebato (1980) (re),Independent,2022-04-20,266,76,2024
399,"Casa Emak Bakia, La",Independent,2021-08-04,264,43,2024
400,Belle Epoque (1992) (re),Independent,2024-03-05,262,75,2024
401,Semilla del son,Karma,2023-11-10,261,44,2024
402,Secaderos,Begin Again Films,2023-06-02,260,123,2024
403,"Buena estrella, La (1997) (re)",Mercury Films,2024-10-16,256,86,2024
404,Una noche con Adela,ConUnPack,2023-12-01,252,74,2024
405,Matar a Dios,Festival Films,2018-09-21,252,63,2024
406,Nieva en Benidorm,Bteam Pictures,2020-12-11,250,62,2024
407,Juan Marine. Un siglo de cine,Independent,2023-11-22,246,82,2024
408,Claret,Proyecfilm,2021-09-24,244,61,2024
409,"Dia de la bestia, El (1995) (4k re)",ConUnPack,2021-10-15,244,138,2024
410,Volver (re:2021),El Deseo,2021-10-06,243,79,2024
411,Marilyn y las avispas,Maravillas Distribuciones,2024-04-05,241,38,2024
412,Addictus,Independent,2024-11-24,241,35,2024
413,"Consagración de la primavera, La",Aventura Cine,2022-09-30,240,96,2024
414,Luz de Soledad,Proyecfilm,2016-10-21,235,47,2024
415,Cuanto me queda,A Contracorriente,2023-12-20,235,70,2024
416,Metralla de amor,Independent,2024-02-20,234,46,2024
417,"Tierras del cielo, Las",Independent,2024-01-30,229,49,2024
418,Jimmy y la tecla magica,Independent,2024-07-27,228,57,2024
419,Sintiendolo mucho,Avalon Distribución,2022-11-17,227,33,2024
420,Como Dios manda,Warner Bros,2023-06-02,223,383,2024
421,"Mundo de Jacques Demy, El (1995) (re)",Avalon Distribución,2022-09-27,222,46,2024
422,"Hermandad de los gitanos, La",Independent,2024-03-19,222,42,2024
423,Camino de la suerte,Begin Again Films,2023-10-20,221,456,2024
424,"Silencio antes de Bach, El (2007) (re)",Films 59,2024-06-08,215,118,2024
425,"Paradoja de Antares, La",ConUnPack,2023-06-27,213,62,2024
426,Hable con ella (2002) (re),El Deseo,2023-05-30,207,59,2024
427,Pelicula del hierro y la nieve,Independent,2024-02-14,206,71,2024
428,Vasil,Filmax,2022-11-04,205,33,2024
429,Ahora la luz cae vertical,Independent,2023-10-06,202,40,2024
430,Petra de San Jose,European Dreams Factory,2022-02-04,200,40,2024
431,Mujeres al borde de un ataque de nervios (1988) (re),Independent,2022-09-17,195,63,2024
432,"Niños salvajes, Los (2012) (re)",Independent,2024-05-07,195,73,2024
433,"Bosque Salvaje de Pardomino, El",Independent,2023-05-04,195,39,2024
434,"Dorinico, como conseguir un sueño",Independent,2024-07-15,195,129,2024
435,Experimento Deanie,Independent,2024-03-24,192,31,2024
436,"Tara, La",Begin Again Films,2024-09-27,188,34,2024
437,"Diego Vasallo, la posteridad para más tarde",Independent,2024-01-25,186,35,2024
438,Cuando los amos duermen,Version Digital,2024-11-29,185,32,2024
439,Muyeres,Independent,2023-12-16,184,33,2024
440,Libres,Bosco Films,2023-04-21,183,66,2024
441,Miradas del cine español,Independent,2024-09-04,183,61,2024
442,No puedo vivir sin ti,Independent,2024-08-01,182,28,2024
443,"Libreria, La",A Contracorriente,2017-11-10,179,43,2024
444,Aroak,Independent,2024-09-25,177,59,2024
445,"Vida de Brianeitor, La",Notorious Pictures Spain,2023-10-11,177,73,2024
446,"Cel de Plom, Un",Filmax,2023-04-28,176,44,2024
447,"Ultimo deseo, El",Independent,2024-11-05,175,64,2024
448,Cuñados,Filmax,2021-04-09,172,43,2024
449,"Altea, la casa de la mar",Independent,2024-05-06,168,89,2024
450,"Murillo, el ultimo viaje",Version Digital,2017-11-17,166,32,2024
451,Zumiriki,Independent,2020-10-02,165,33,2024
452,En Granada es posible,Independent,2015-11-13,162,35,2024
453,"Memoria Escondida, La",Begin Again Films,2023-06-23,161,167,2024
454,"Cienaga, La (2001) (re)",Independent,2024-06-25,161,53,2024
455,"Thi Mai, rumbo a Vietnam",TriPictures,2018-01-12,159,64,2024
456,"Colon ADN, su verdadero origen",Independent,2024-10-12,159,23,2024
457,Remember My Name,Boogaloo,2023-11-24,158,31,2024
458,Vestida de azul (1983) (re),Independent,2023-03-10,157,21,2024
459,"Silencio de otros, El",Bteam Pictures,2018-11-16,156,39,2024
460,Sau: la memoria sumergida,Independent,2024-11-20,153,31,2024
461,Alcarras,Avalon Distribución,2022-04-29,150,21,2024
462,Notas sobre un verano,Surtsey Films,2023-09-01,149,26,2024
463,Fábula del escorpión y la rana,Independent,2024-02-22,148,36,2024
464,Metamorphosis,Independent,2022-10-20,144,30,2024
465,"Estado de las cosas, El (1982) (re)",A Contracorriente,2024-05-27,144,51,2024
466,Esa pareja feliz (1951) (re),Independent,2021-04-14,139,35,2024
467,Vaya vacaciones,Universal,2023-04-21,135,351,2024
468,"Dobla la esquina, el volcán",Independent,2024-02-21,135,85,2024
469,Ramona,Tortilla Films,2022-11-25,134,23,2024
470,My Mexican Bretzel,Avalon Distribución,2020-12-11,132,62,2024
471,Generacion Lagartija,Independent,2024-06-21,128,16,2024
472,Erlauntza-Enjambre,Barton,2020-11-06,126,63,2024
473,Absolución de Juan Alfredo Amil,Independent,2023-12-15,122,19,2024
474,Els encantats (Los encantados),A Contracorriente,2023-06-02,121,28,2024
475,"Negociadores, Los. Como construir la Paz",Independent,2023-06-04,121,25,2024
476,Codigo Marcos,Independent,2024-10-28,121,24,2024
477,"Virgen de Agosto, La",Bteam Pictures,2019-08-15,115,23,2024
478,Artefacto 71,Independent,2024-09-05,113,21,2024
479,Mar adentro (2004) (re),Independent,2024-03-08,112,32,2024
480,"10,000 KM",Avalon Distribución,2014-05-15,110,54,2024
481,Santa fiesta,Independent,2016-05-27,109,18,2024
482,A chat movie,Independent,2023-12-15,105,18,2024
483,A los libros y a las mujeres canto,Txintxua Films,2023-04-21,100,25,2024
484,Doña Francisquita (1952) (re),Independent,2024-06-13,98,28,2024
485,"Revoltosa, La (1963) (re)",Independent,2024-06-13,94,27,2024
486,Bilbao (1978) (re),Independent,2024-04-30,91,26,2024
487,Heavies Tiernos,Paycom Multimedia,2023-12-22,90,18,2024
488,We All Play,Independent,2024-07-09,90,15,2024
489,"Genero chico, El",Independent,2024-06-14,88,29,2024
490,"Lligams, fils que cuiden la vida",Independent,2024-05-07,87,122,2024
491,Nos parecia importante,Independent,2024-06-28,85,17,2024
492,Maria y la pelicula olvidada,Independent,2023-07-28,85,51,2024
493,Errementari (El herrero y el diablo),Filmax,2018-03-02,85,85,2024
494,"Restoration, The",Independent,2024-09-22,84,20,2024
495,Un blues para Teheran,Surtsey Films,2021-07-02,83,40,2024
496,Toda una vida,Filmin,2023-05-26,82,17,2024
497,"Poderes de Lolo, Los",Independent,2024-09-30,82,112,2024
498,Micropolis,Independent,2024-05-09,81,85,2024
499,"Maa-yiem, la extraordinaria historia de Jordi Sabater Pi",Independent,2024-02-22,75,97,2024
500,"Primavera, La",Independent,2024-10-15,75,26,2024
501,En la linea del horizonte (1993) (re),Independent,2024-04-09,73,36,2024
502,"Voluntaria, La",Bteam Pictures,2022-06-09,71,13,2024
503,Tres caminos a Cádiz,Independent,2024-02-08,71,21,2024
504,"Mans del Genoves, Les",Independent,2024-05-05,70,73,2024
505,"Vaquilla, La (1985) (re)",Independent,2020-12-16,69,16,2024
506,L'eternitat,Independent,2023-03-17,66,22,2024
507,"Team Heretics, una historia de talentos",Independent,2024-12-09,61,13,2024
508,Erase una vez en el Caribe,Independent,2024-04-18,59,8,2024
509,Cyborg Generation,Independent,2024-11-22,59,108,2024
510,"Amiga de mi amiga, La",Begin Again Films,2023-02-03,58,10,2024
511,Te doy mis ojos (2003) (re),Independent,2024-09-26,58,11,2024
512,"Verbena de la Paloma, La (1963) (re)",Independent,2024-06-12,56,16,2024
513,"Mayor regalo, El",Infinito mas uno,2018-11-09,54,9,2024
514,Artifacts Assembly,Independent,2024-05-04,52,63,2024
515,Mariquilla Terremoto (1939) (re),Independent,2024-04-20,52,15,2024
516,"Maldita primavera, La",Independent,2024-06-29,50,10,2024
517,Manuel Machado o la edad de la poesia,Maravillas Distribuciones,2024-08-23,50,8,2024
518,Cirlot. La mirada de Bronwyn,Independent,2024-05-09,50,14,2024
519,Umbracle,Films 59,2024-05-30,50,10,2024
520,Eterna,39 Escalones,2023-03-02,49,46,2024
521,A todo tren 2,Warner Bros,2022-12-02,46,323,2024
522,Chichi y yo,Independent,2024-10-11,46,13,2024
523,"Maternal, La",Bteam Pictures,2022-11-18,45,14,2024
524,Red de libertad,Proyecfilm,2017-10-20,44,11,2024
525,Alma de Dios (1941) (re),Independent,2024-06-12,42,12,2024
526,Tetuan,Independent,2023-10-06,40,8,2024
527,Maria (y los demas),Avalon Distribución,2016-12-07,37,5,2024
528,Amanece en Calcuta,European Dreams Factory,2021-04-16,37,6,2024
529,Beach House,Syldavia,2023-07-27,35,5,2024
530,Federico Mayor Zaragoza: Recuerdos del porvenir,Independent,2024-05-08,35,6,2024
531,Mujeres sin censura,Independent,2022-12-21,34,6,2024
532,Cabeza y corazon,Begin Again Films,2023-12-01,33,6,2024
533,Lincessa. Los silencios del bosque,ConUnPack,2023-04-21,32,6,2024
534,Viaje al cuarto de una madre,Alfa Pictures,2018-10-05,30,6,2024
535,Unicorn Wars,Barton,2022-10-21,28,12,2024
536,Celedonio y yo somos asi (1977) (re),Independent,2024-10-17,28,10,2024
537,Teselas. El poder transformador del viaje,Independent,2024-03-09,27,5,2024
538,Ventolera (1962) (re),Independent,2024-04-18,25,7,2024
539,Bastarda,Independent,2024-05-09,25,29,2024
540,No somos marionetas,Independent,2024-12-09,24,4,2024
541,Nacion,Atalante,2021-03-26,23,4,2024
542,"Boda de Rosa, La",Filmax,2020-08-21,20,4,2024
543,Tolyatti Adrift,Begin Again Films,2022-10-28,17,3,2024
544,Septiembre,Independent,2023-10-06,16,4,2024
545,"Peluquero romantico, El",Independent,2024-10-09,15,3,2024
546,"Sagrada familia, La",Independent,2024-03-19,15,3,2024
547,Steven quiere conocerte,Independent,2024-12-18,15,3,2024
548,Vivir dos veces,Filmax,2019-09-06,14,8,2024
549,Valencia 22. City of Design,Independent,2024-05-05,14,34,2024
550,Malvaloca (1942) (re),Independent,2024-04-17,14,4,2024
551,"Vientre del mar, El",Elastica,2021-11-12,10,2,2024
552,"Trinchera infinita, La",Entertainment One Films,2019-10-31,10,4,2024
553,"Visita y un Jardín Secreto, La",Begin Again Films,2022-11-25,10,2,2024
554,"Verdad sobre el caso Savolta, La (1979) (re)",Independent,2024-03-18,9,2,2024
555,"Reina mora, La (1955) (re)",Independent,2024-04-17,7,2,2024
556,H,Vitrine Filmes,2023-06-22,6,1,2024
557,Loreak,A Contracorriente,2014-10-31,5,2,2024
558,Nosotros no nos mataremos con pistolas,Filmax,2022-06-17,2,1,2024
1,Padre no hay mas que uno 5,Sony,2025-06-26,13406008,2043434,2025
2,"Cautivo, El",Walt Disney,2025-09-12,5284665,792007,2025
3,Wolfgang (Extraordinario),Universal,2025-03-14,3974083,597938,2025
4,"Domingos, Los",Bteam Pictures,2025-10-24,3946830,628500,2025
5,"Cena, La",A Contracorriente,2025-10-17,3606931,587645,2025
6,"Casoplon, El",Walt Disney,2025-04-16,3311753,489967,2025
7,Un funeral de locos,Sony,2025-04-11,3024460,437336,2025
8,Sin Cobertura,Sony,2025-08-22,2925496,454350,2025
9,"Sirat, trance en el desierto",Bteam Pictures,2025-06-06,2899613,438644,2025
10,Romeria,Elastica,2025-09-05,1783277,276083,2025
11,Tierra de nadie,Sony,2025-03-28,1581015,236597,2025
12,"Infiltrada, La",Beta Fiction,2024-10-11,1583340,244504,2025
13,Mikaela,Walt Disney,2025-01-31,1552358,232516,2025
14,"Muertimer, Los",Paramount Int'l,2025-08-14,1415112,222876,2025
15,"Tigres, Los",Walt Disney,2025-10-31,1227314,211688,2025
16,"Secreto del orfebre, El",Warner Bros,2025-02-28,1122589,169651,2025
17,"Sospecha de Sofía, La",Universal,2025-10-03,977770,150433,2025
18,Mi amiga Eva,Filmax,2025-09-19,931571,145213,2025
19,Todos los lados de la cama,Walt Disney,2025-11-14,896327,133813,2025
20,Siempre es invierno,Bteam Pictures,2025-11-07,877595,138313,2025
21,Coartadas,Beta Fiction,2025-11-28,827576,124798,2025
22,Voy a pasarmelo mejor,Beta Fiction,2025-07-18,822109,126975,2025
23,"47, El",A Contracorriente,2024-09-06,772459,127108,2025
24,Cuerpos locos,A Contracorriente,2025-10-31,744254,127776,2025
25,Maspalomas,Bteam Pictures,2025-09-26,734954,122890,2025
26,"Deuda, La",Wanda,2025-10-17,729774,122365,2025
27,Sorda,A Contracorriente,2025-04-04,719643,118455,2025
28,Una quinta portuguesa,Filmax,2025-05-09,704553,118823,2025
29,Golpes,A Contracorriente,2025-12-05,689219,105870,2025
30,Mala influencia,TriPictures,2025-01-24,647170,95043,2025
31,"Futbolisimos 2 y el misterio del tesoro pirata, Los",Filmax,2025-08-08,636712,102883,2025
32,Flores para Antonio,A Contracorriente,2025-11-28,633741,95821,2025
33,Sin instrucciones,Warner Bros,2024-12-25,749413,111550,2025
34,Me has robado el corazon,Sony,2025-12-05,531074,75353,2025
35,"Aitas, Los",Bteam Pictures,2025-03-21,478044,75469,2025
36,Parecido a un asesinato,Vertice,2025-10-03,438951,68524,2025
37,"Buena letra, La",Caramel Films,2025-04-30,423539,69030,2025
38,Muy lejos,Bteam Pictures,2025-04-11,421795,64385,2025
39,Tardes de soledad,A Contracorriente,2025-03-07,345230,51092,2025
40,Frontera,Filmax,2025-12-12,340872,54143,2025
41,Strangers: Capitulo 2,Diamond Films,2025-09-26,335027,49946,2025
42,"Huella del mal, La",Alfa Pictures,2025-04-04,309144,46951,2025
43,Reversion,AF Pictures,2025-11-07,301605,46700,2025
44,Heidi. El rescate del lince,SelectaVisión,2025-08-22,284104,46612,2025
45,"Guitarra flamenca de Yerai Cortes, La",A Contracorriente,2024-12-20,277128,41228,2025
46,Gaua,Filmax,2025-11-14,240044,39376,2025
47,Un lio de millones,Sony,2024-12-20,295681,45405,2025
48,Parenostre,Filmax,2025-04-16,232860,33088,2025
49,Bajo un volcan,Beta Fiction,2025-06-20,217875,32544,2025
50,Solo Javier,Bosco Films,2025-09-12,212923,26577,2025
51,La Que Se Avecina - Evento Especial,Contubernio,2025-11-11,210402,40582,2025
52,Abuela tremenda,Walt Disney,2026-01-01,9153,1283,2025
53,Afterburn,TriPictures,2025-09-19,204739,31233,2025
54,Karmele,Caramel Films,2025-10-10,202625,35652,2025
55,Votemos,DeAPlaneta,2025-06-12,195581,31712,2025
56,Campamento Garra de Oso,Filmax,2025-08-29,193467,31665,2025
57,Descalzos,Bosco Films,2025-02-14,190884,26271,2025
58,Ya no quedan junglas,Universal,2025-09-26,183152,28152,2025
59,Vieja Loca,DeAPlaneta,2025-10-10,177053,25970,2025
60,"Buena suerte, La",Karma,2025-06-06,175187,27208,2025
61,Enemigos,Vertice,2025-05-09,175129,28423,2025
62,Lo que aprendí de mi pingüino,Nostromo,2025-09-05,161354,25914,2025
63,Leo & Lou,Filmax,2025-11-07,153487,24458,2025
64,¿Quién es quien?,DeAPlaneta,2024-12-05,176965,27738,2025
65,Hasta que me quede sin voz,Sideral,2025-10-17,142402,19536,2025
66,Sigue mi voz,Beta Fiction,2025-09-12,138443,20662,2025
67,"Invasio dels barbars, La",Tierra a la vista/ Benece,2025-11-06,136272,21774,2025
68,"Irresponsables, Las",A Contracorriente,2025-07-24,134775,21384,2025
69,Playa de Lobos,TriPictures,2025-12-05,134062,20008,2025
70,"Tregua, La",TriPictures,2025-10-10,133129,19558,2025
71,"Fiebre de los ricos, La",Filmax,2025-01-24,125821,20159,2025
72,"Talento, El",TriPictures,2025-09-05,122528,19162,2025
73,Mar i Cel,Alfa Pictures,2025-11-28,120800,18134,2025
74,"Tortuga, Los",A Contracorriente,2025-05-23,120279,21978,2025
75,"Delicias del jardín, Las",Vertice,2025-09-19,116147,18718,2025
76,Singular,Warner Bros,2025-11-28,114913,18023,2025
77,Ciudad sin sueño,Bteam Pictures,2025-11-21,113470,18945,2025
78,Desmontando un elefante,Filmax,2025-01-10,113411,18512,2025
79,"Jone, a veces",Atera Films,2025-09-12,113011,19767,2025
80,200% Wolf. Pequeño Gran Lobo,Flins y Piniculas,2025-12-05,109701,19246,2025
81,Rondallas,Beta Fiction,2026-01-01,4739,759,2025
82,Norbert,Walt Disney,2025-01-17,102696,16549,2025
83,Antes de Nos,Atalante,2025-05-23,98198,18456,2025
84,"Coleccionista, La",Yelmo,2025-08-22,96671,14357,2025
85,"Isla de los faisanes, La",Bteam Pictures,2025-04-25,90364,15302,2025
86,"Tesoro de Barracuda, El",Filmax,2025-09-26,80920,12664,2025
87,Mi unica familia (Hard Truths),Bteam Pictures,2025-02-28,78252,12949,2025
88,Tambien esto pasara,A Contracorriente,2025-05-09,77019,12348,2025
89,Misericordia,Karma,2025-03-21,70863,11766,2025
90,Extraño rio,Elastica,2025-10-03,68716,11216,2025
91,"Jockey, El",Caramel Films,2025-05-30,68525,14112,2025
92,San Simon,Baños Films,2025-10-24,66663,12247,2025
93,"Cariñena, vino del mar",Filmax,2025-06-19,66619,11055,2025
94,Pideme lo que quieras,Warner Bros,2024-11-29,69721,10301,2025
95,Virgenes,Filmax,2025-06-20,55495,8704,2025
96,Maleficio (La regla de Osha),SelectaVisión,2025-10-03,55399,8409,2025
97,Lo que queda de ti,Karma,2025-05-16,55022,9765,2025
98,8,Vercine,2025-03-21,54400,9175,2025
99,Itoiz Udako Sesioak,Atera Films,2025-01-24,47884,8427,2025
100,Te protegeran mis alas,Maravillas Distribuciones,2025-11-14,45314,9353,2025
101,Hanna y las navidades olvidadas,Alfa Pictures,2025-12-05,44758,8018,2025
102,"Furia, La",Filmax,2025-03-28,43309,7193,2025
103,"Madrid, EXT",La Vida,2025-08-28,41342,6174,2025
104,"Comunidad, La (2000) (re) 25 Aniversario",Avalon Distribución,2025-08-21,40744,6816,2025
105,"Mitad de Ana, La",Elastica,2025-01-10,38371,6216,2025
106,Sujetame el cubata,Alfa Pictures,2025-10-17,38229,6039,2025
107,Bodegon con fantasmas,Sideral,2025-02-07,37928,6404,2025
108,Almudena,Syldavia,2025-05-16,35162,5800,2025
109,"Luz de Aisha, La",Filmax,2025-04-11,32957,5879,2025
110,¿Es el enemigo? La película de Gila,Filmax,2024-12-13,36545,7261,2025
111,"Niña de la cabra, La",Avalon Distribución,2025-04-11,31257,5092,2025
112,Tierra baja,Benece,2025-01-31,30418,5552,2025
113,"Doñana, donde el agua es sagrada",Wanda,2025-05-30,30263,6040,2025
114,"Terra negra, La",Syldavia,2025-08-29,30037,5259,2025
115,Fragmentos,AF Pictures,2025-12-12,29683,4404,2025
116,"Sleeper, The. El Caravaggio perdido",Elastica,2025-05-13,28412,4485,2025
117,"Furgo, La",Sideral,2025-06-20,28408,4513,2025
118,Marco,Bteam Pictures,2024-11-08,29434,5790,2025
119,Fin de fiesta,A Contracorriente,2025-01-31,27668,4685,2025
120,Esmorza amb mi,Filmax,2025-06-12,27515,4240,2025
121,Olivia y el terremoto invisible,Filmax,2025-11-21,27358,4569,2025
122,Heridos,European Dreams Factory,2025-11-07,27139,3795,2025
123,Hamburgo,Filmax,2025-05-30,26907,5913,2025
124,Daniela Forever,Filmax,2025-02-21,26760,4359,2025
125,Miocardio,Syldavia,2025-01-24,25918,4205,2025
126,Aro berria,Elastica,2025-12-12,25345,4087,2025
127,Yo estuve en Las Vegas 2,Independent,2025-11-08,25534,4355,2025
128,Tras el verano,Alfa Pictures,2025-05-16,24862,4520,2025
129,Morlaix,A Contracorriente,2025-03-14,24141,4126,2025
130,"Bala, La",Syldavia,2025-11-21,23909,4030,2025
131,Casa en llamas,Vercine,2024-06-28,23622,4348,2025
132,"Instinto, El",Barton,2025-05-16,23071,3715,2025
133,"Estrella azul, La",Wanda,2024-02-23,22969,4580,2025
134,Miss Carbon,Caramel Films,2025-06-12,22303,3677,2025
135,Subsuelo,LAZONA,2025-11-07,22101,3828,2025
136,Dolores Ibarruri. Pasionaria,Caracter Films,2025-10-03,20765,3508,2025
137,Un año y un dia,ConUnPack,2025-03-21,20235,2882,2025
138,Nosotros,Vertigo Films,2025-02-28,18594,3237,2025
139,"Menor de los hermanos, El",Oscar Parada Castellano,2025-03-13,18405,4437,2025
140,En silencio. La resiliencia de Isco Alarcon,39 Escalones,2025-11-21,16803,2550,2025
141,"Senda del pecado, La",Raabta Pictures,2025-05-15,16223,2307,2025
142,Ciento volando,A Contracorriente,2025-01-10,15925,2470,2025
143,Dani Fernandez. Todo cambia,Independent,2025-06-19,15604,2085,2025
144,Mi ilustrisimo amigo,39 Escalones,2025-10-10,15461,2693,2025
145,Una ballena,Elastica,2025-03-28,15267,2869,2025
146,Mario,Filmax,2025-10-10,15245,2666,2025
147,"Noche del terror, La",Independent,2025-10-28,15135,3041,2025
148,"Llegada del hijo, La",Bteam Pictures,2025-05-09,13863,2393,2025
149,Un hombre libre,Surtsey Films,2025-03-28,13266,2418,2025
150,Vidas irrenovables,Independent,2024-10-10,12883,2308,2025
151,Al otro barrio,Walt Disney,2024-12-05,15627,2340,2025
152,Mr. Nadie,Barton,2025-08-14,12505,2097,2025
153,Todos lo sabian,Independent,2025-03-13,12288,2125,2025
154,"Marsellesa de los borrachos, La",Begin Again Films,2025-02-14,12225,2102,2025
155,Cien libros juntas,ConUnPack,2025-04-22,12075,2328,2025
156,Pequeños Calvarios,Syldavia,2025-10-24,11356,1965,2025
157,Ramon y Ramon,Bteam Pictures,2025-06-27,11143,1869,2025
158,Uno equis dos,Raabta Pictures,2025-08-08,10795,1769,2025
159,Papeles,ConUnPack,2025-12-05,10411,1678,2025
160,Cuatro paredes,A Contracorriente,2025-06-06,10220,1885,2025
161,Ariel,Atalante,2025-12-24,9977,1618,2025
162,Decorado,Barton,2025-10-24,9959,1758,2025
163,Rider,Begin Again Films,2025-06-13,9890,1623,2025
164,"Tierra de Amira, La",Filmax,2025-12-05,9875,1701,2025
165,"Cielo de los animales, El",Maravillas Distribuciones,2025-05-09,9868,1659,2025
166,Mas cinco,European Dreams Factory,2025-03-28,9790,1406,2025
167,"Habitacion de al lado, La",Warner Bros,2024-10-18,10628,1976,2025
168,Mariposas negras,Sideral,2024-12-13,10059,2086,2025
169,Corazon Franjiverde,39 Escalones,2025-12-26,9137,1168,2025
170,Balearic,Silencio Cinema,2025-12-12,9288,1436,2025
171,Salve María,Elastica,2024-10-31,9242,2116,2025
172,Segundo premio,Bteam Pictures,2024-05-24,9201,2039,2025
173,"Cuento del lobo, El",A Contracorriente,2025-05-16,8953,1625,2025
174,Buffalo Kids,Warner Bros,2024-08-14,8597,1859,2025
175,Siete dias en mayo,Syldavia,2025-01-31,8522,1344,2025
176,L'Edat Imminent,Ringo Media,2024-12-13,8595,1436,2025
177,Aullar,CineAND Distribución,2025-11-21,8215,1732,2025
178,SuperKlaus,Filmax,2024-12-05,10408,2168,2025
179,¿Quien quiere casarse con un astronauta?,Alfa Pictures,2025-08-01,8032,1383,2025
180,Todo lo que no se,39 Escalones,2025-04-25,7667,1272,2025
181,Mujeres Calvas,Benece,2025-03-06,7536,1189,2025
182,"Novias Del Sur, Las",Independent,2025-01-10,7473,1490,2025
183,"Medjugorje, la pelicula",European Dreams Factory,2021-10-01,7456,1151,2025
184,"Destellos, Los",Caramel Films,2024-10-04,7521,1999,2025
185,"Musical de los 80 a los 90, El",Maravillas Distribuciones,2024-08-14,6945,477,2025
186,Centaures de la nit,A Contracorriente,2025-05-16,6862,1165,2025
187,Quinografía,Me Lo Creo,2025-06-19,6710,1044,2025
188,Un baño propio,Begin Again Films,2025-03-07,6688,1221,2025
189,Grup Natural,ConUnPack,2025-05-23,6680,1029,2025
190,Popel,Barton,2025-11-07,6537,1058,2025
191,"Carga el diablo, Lo",Begin Again Films,2025-04-25,6462,997,2025
192,"Human Hibernation, The",Begin Again Films,2025-01-10,6450,1195,2025
193,A nuestros amigos,Margenes Distribucion,2025-04-04,6421,947,2025
194,Codigo Marcos,Elamedia,2024-10-28,6384,1009,2025
195,Polvo seran,Elastica,2024-11-15,6215,1375,2025
196,Kantauri,Barton,2025-04-04,5902,1067,2025
197,No estas loca,39 Escalones,2025-11-13,5732,1034,2025
198,Noah,Independent,2025-02-13,5472,910,2025
199,"Abuela y el forastero, La",Caracter Films,2024-09-13,5319,1219,2025
200,Madres,Polar Star Films,2025-05-22,5230,849,2025
201,Hombres íntegros,Syldavia,2025-05-23,5101,883,2025
202,Limonov,Filmin,2025-02-21,4857,736,2025
203,"Mar Menor, mal mayor",Independent,2025-06-24,4845,1110,2025
204,Un cabo suelto,Sherlock,2025-10-17,4815,834,2025
205,7291,Independent,2024-11-13,5543,846,2025
206,Olimpicas. Destino Berlin,Independent,2025-06-16,4526,673,2025
207,"Eloy de la Iglesia, adicto al cine",Urresti Producciones,2025-12-25,4413,677,2025
208,Emergency Exit,Sideral,2025-12-19,4210,667,2025
209,Tesis (1996) (re),ConUnPack,2025-09-07,4060,616,2025
210,Entre mareas,Sin Parpadear,2025-06-12,4039,625,2025
211,Rave Culture -a new era-,Independent,2025-12-12,4035,550,2025
212,"Danza de la polvora, La",Caracter Films,2025-05-10,4026,639,2025
213,Solo pienso en ti,39 Escalones,2025-11-28,3917,734,2025
214,Dios lo ve,Benece,2025-11-13,3895,575,2025
215,Bartolome Bermejo: El despertar de un genio,A Contracorriente,2024-09-20,3889,676,2025
216,"Salvaxe, Salvaxe",Independent,2024-10-02,3774,591,2025
217,Adios Cuba,Muak Canarias,2025-12-12,3756,427,2025
218,Sacar pecho,Independent,2025-07-28,3737,595,2025
219,Hada,Independent,2025-08-29,3656,540,2025
220,Heroes del Central Park,A Contracorriente,2024-08-30,3601,1003,2025
221,Minateda. Un tesoro a pleno sol,Independent,2025-11-15,3555,866,2025
222,"Warhol-Vijande: Mas que pistolas, cuchillos y cruces",Puntal Films,2025-10-31,3552,605,2025
223,Memorias de un cuerpo que arde,Independent,2024-11-29,3541,579,2025
224,Verano en diciembre,Vertigo Films,2024-11-08,3464,988,2025
225,Camino negro,Independent,2025-03-20,3445,580,2025
226,Atin Aya. Retrato del silencio,Maravillas Distribuciones,2025-03-07,3360,625,2025
227,Temps Mort,A Contracorriente,2025-09-12,3357,569,2025
228,Soñando con leones,ConUnPack,2025-11-14,3309,684,2025
229,Ruido,Vercine,2025-11-28,3274,596,2025
230,Hija del volcan,Surtsey Films,2025-05-23,3203,627,2025
231,En un lugar de la mente,Independent,2025-07-31,3128,798,2025
232,Del susurro del tiempo,Independent,2025-10-16,3092,471,2025
233,"Maestro que prometio el mar, El",Filmax,2023-11-10,3086,719,2025
234,Erreplika,Atera Films,2025-05-09,3002,446,2025
235,Rita,Filmax,2024-10-25,2973,805,2025
236,"Lurdes Iriondo, ez gera alferrik pasako",Zinea Sortzen,2025-11-14,2880,439,2025
237,"Festa, La",Independent,2025-06-12,2877,939,2025
238,Luger,CineAND Distribución,2026-01-17,2876,425,2025
239,Padres,A Contracorriente,2025-02-21,2850,619,2025
240,Miralles,Independent,2025-07-30,2834,518,2025
241,Soy Nevenka,Walt Disney,2024-09-27,2814,1189,2025
242,As Neves,Sideral,2024-05-10,2782,662,2025
243,"Barcelona, mon amour",Benece,2025-11-28,2750,407,2025
244,Pizarro is God,Independent,2025-12-12,2737,236,2025
245,Riadas,La Dalia Films,2025-09-16,2722,443,2025
246,Jaume Cabre: La musica de las palabras,Independent,2025-02-04,2718,522,2025
247,Por donde pasa el silencio,Bteam Pictures,2024-11-29,2828,729,2025
248,"Efecto ALL1, El: Parte II",Independent,2024-10-17,2700,240,2025
249,Ullate. La danza de la vida,Disentropic,2024-04-25,2666,463,2025
250,Sekeleka: Ciudad refugio,Independent,2025-05-29,2618,275,2025
251,Caja de resistencia,Independent,2025-03-19,2607,702,2025
252,"Impulso nomada, El",Independent,2025-09-05,2578,393,2025
253,"Lluc, una cronica de la pasteleria",Alfa Pictures,2025-05-27,2546,314,2025
254,"Mil leyendas, un grial",Independent,2025-06-23,2522,451,2025
255,Volvereis,Elastica,2024-08-30,2736,782,2025
256,Equipo Cronica. Arte de trinchera,Independent,2024-05-04,2511,409,2025
257,Azul de niño,ConUnPack,2025-06-27,2475,358,2025
258,Supernatural,Nanouk Films,2025-12-05,2458,337,2025
259,"Pequeño peon, El",Independent,2025-06-17,2437,495,2025
260,Llamame sinsorga,Independent,2025-11-28,2334,342,2025
261,Filme pajaros volando,Ringo Media,2025-01-31,2320,378,2025
262,"Chicas de la estacion, Las",A Contracorriente,2024-11-22,2324,438,2025
263,"Montserrat, Integral 107",Independent,2024-10-26,2287,350,2025
264,Dragonkeeper: Guardiana de dragones,A Contracorriente,2024-04-19,2283,814,2025
265,Calladita,Karma,2024-05-17,2262,611,2025
266,"Novia, La",Bteam Pictures,2015-12-11,2237,357,2025
267,Chica Quinqui,Independent,2025-09-26,2191,322,2025
268,Amores brujos,Syldavia,2025-06-12,2149,364,2025
269,Mucha mierda,39 Escalones,2025-02-07,2145,325,2025
270,"Canto de las manos, El",Filmin,2025-12-12,2116,332,2025
271,SinEl,Moon Entertainment,2025-01-10,2071,292,2025
272,Casa Reynal,Independent,2025-01-07,2022,375,2025
273,"Cancion de Sima, La",Syldavia,2025-05-01,2007,404,2025
274,Por un puñado de dolares (1964) (re),Mercury Films,2023-04-04,1977,353,2025
275,"Misteriosa mirada del flamenco, La",Bteam Pictures,2026-01-16,1966,421,2025
276,"Tamaño del corazon, El",Independent,2025-02-25,1943,297,2025
277,"75 dias, los crimenes de Alcasser",Protos Films,2022-04-22,1890,134,2025
278,"Casa, La",A Contracorriente,2024-05-01,1880,445,2025
279,"Rugir de las Llamas, El",Independent,2025-05-21,1777,349,2025
280,"Cielo no puede esperar, El",European Dreams Factory,2023-02-24,1771,269,2025
281,Ilusion de verano,Independent,2025-03-06,1759,338,2025
282,"Revolucion de las musas, La",Independent,2024-12-12,1745,294,2025
283,Arrebato (1980) (re),Independent,2022-04-20,1692,373,2025
284,Flores bajo el hielo,Independent,2024-09-12,1691,436,2025
285,Sugar Island,Pleamar Films,2025-03-21,1676,367,2025
286,Adios Madrid,39 Escalones,2025-01-17,1649,256,2025
287,¿A mi quien me cuida?,Independent,2025-06-12,1645,213,2025
288,"Ley de Sodoma, La",Barlovento Distribucion,2025-12-05,1645,240,2025
289,Tres hombres no pueden ocultarse bajo la tapa de un puchero,Independent,2025-09-22,1620,281,2025
290,Idilia,Independent,2025-07-28,1590,343,2025
291,"Marisma, La",Independent,2025-05-23,1566,266,2025
292,Exp. 95/36 Columna Minera,Surtsey Films,2025-12-11,1532,310,2025
293,Mi hermano Ali,Syldavia,2024-11-22,2028,490,2025
294,Fandango,Maravillas Distribuciones,2025-06-20,1482,287,2025
295,"Alma, un sueño musical",Maravillas Distribuciones,2025-05-16,1472,232,2025
296,Soñando futbol,Independent,2025-05-14,1453,252,2025
297,Rock Bottom,Avalon Distribución,2024-12-13,1459,311,2025
298,Robot Dreams,Bteam Pictures,2023-12-06,1408,249,2025
299,Diario de un lobero,Independent,2025-05-30,1406,271,2025
300,Mitologia de barrio,Syldavia,2025-01-16,1404,268,2025
301,Silencio,Independent,2025-11-15,1396,236,2025
302,Objeto de estudio,Independent,2024-10-04,1390,226,2025
303,"Parque, El",Independent,2024-12-12,1496,429,2025
304,Fanantenana,Independent,2024-11-21,1354,450,2025
305,"Restos del pasar, Los",Les Films de la Resistance,2024-11-29,1343,216,2025
306,Solos en la noche,Summer Films,2024-09-20,1336,311,2025
307,"Señor, llevame pronto",Independent,2025-05-15,1331,359,2025
308,REC,Filmax,2007-11-23,1322,98,2025
309,De la Luz y Las Sombras,Independent,2025-05-06,1312,212,2025
310,"Amanece, que no es poco (1989) (re)",Independent,2023-03-23,1304,223,2025
311,Maria la Portuguesa,Independent,2025-04-08,1295,294,2025
312,Uno para todos,A Contracorriente,2020-09-18,1276,232,2025
313,De todos lados un poco,Independent,2025-05-15,1262,229,2025
314,Te separas mucho,Independent,2025-04-24,1249,305,2025
315,Biblioteca de pedra seca,Independent,2025-06-19,1247,184,2025
316,Placido (1961) (re),Avalon Distribución,2026-01-19,1247,307,2025
317,Joan Bennassar - Raons Humanes,A Contracorriente,2024-07-20,1228,204,2025
318,¡Caigan las rosas blancas!,Vitrine Filmes,2025-04-11,1188,214,2025
319,Tres adioses,Bteam Pictures,2026-02-06,1186,329,2025
320,Aurora,Independent,2025-03-07,1185,212,2025
321,Bienvenido Mister Marshall (1953)(Re),Sony,2002-12-20,1175,205,2025
322,¿Donde estabas cuando estabas?,Independent,2025-12-19,1147,213,2025
323,Ara Malikian: Una vida entre las cuerdas,Syldavia,2019-10-24,1136,192,2025
324,"Gigante de Es Vedrá y otras leyendas, El",Independent,2024-11-08,1134,184,2025
325,Historias de Halloween,39 Escalones,2025-11-14,1118,162,2025
326,"Dia de la bestia, El (1995) (4k re)",ConUnPack,2021-10-15,1103,194,2025
327,Control Room,Nostromo,2025-09-19,1100,191,2025
328,Ella en mil pedazos,Independent,2025-11-14,1098,161,2025
329,Bella,Syldavia,2025-11-28,1062,195,2025
330,Esto no es Hollywood,Independent,2025-03-07,1055,200,2025
331,Love U Carme,Version Digital,2025-11-20,1050,210,2025
332,Queer Me,Independent,2025-12-12,1049,149,2025
333,Te estoy amando locamente,Filmax,2023-07-06,1048,174,2025
334,"Poeta del corazon, El",A Contracorriente,2025-07-07,1042,184,2025
335,Velintonia 3,Independent,2025-10-25,1037,229,2025
336,"Ley del deseo, La (1987) (re)",Independent,2025-08-04,1030,165,2025
337,"Santos inocentes, Los (1984) (re)",Mercury Films,2025-02-25,1011,195,2025
338,Luminoso espacio salvaje,European Dreams Factory,2025-06-16,1008,142,2025
339,Lorca en la Habana,Independent,2025-11-21,1007,220,2025
340,Muerte en Amara,Independent,2024-10-25,987,152,2025
341,Secundarias,Moon Entertainment,2025-05-09,987,182,2025
342,Desenterrando Sad Hill,ConUnPack,2018-10-19,972,214,2025
343,Borau y el cine,Me Lo Creo,2025-06-27,959,159,2025
344,Cupido confuso,Independent,2025-03-14,946,137,2025
345,"Fianza, La",Syldavia,2024-12-05,939,291,2025
346,Piko & Pala,Independent,2025-03-28,931,133,2025
347,Chhaupadi,Independent,2025-01-30,930,186,2025
348,Riqueni,Selected Films,2025-09-08,930,147,2025
349,"Caballo español, el origen, El",Independent,2025-11-20,925,131,2025
350,Valientes,European Dreams Factory,2025-02-27,922,155,2025
351,Quien llorara por mi,Independent,2025-11-21,918,202,2025
352,"Antonio, el bailarin de España",39 Escalones,2025-11-25,908,183,2025
353,Slow,Surtsey Films,2024-01-19,903,153,2025
354,"Bosque Salvaje de Pardomino, El",Independent,2023-05-04,901,118,2025
355,Akelarre,Avalon Distribución,2020-10-02,890,180,2025
356,"Iberia, naturaleza infinita",Acaju,2023-03-17,884,163,2025
357,"Parra, La",Begin Again Films,2024-12-13,880,158,2025
358,Hybris,Independent,2025-09-26,872,133,2025
359,Refugios de papel,Independent,2025-07-29,868,200,2025
360,From My Cold Dead Hands,Sideral,2025-01-17,864,113,2025
361,"Jirafa en el balcon, Una",Filmax,2025-10-03,834,127,2025
362,Capitolio contra Capitolio,Independent,2025-07-04,819,178,2025
363,"Canciller, el templo del rock",Syldavia,2025-12-30,816,118,2025
364,20.000 Especies de abejas,Bteam Pictures,2023-04-21,809,203,2025
365,Marisol llamame Pepa,Me Lo Creo,2024-05-10,795,248,2025
366,Canigo 1883,Independent,2024-01-17,792,133,2025
367,Montserrat: entre la roca y el conflicto,Independent,2025-09-18,778,114,2025
368,Pantalones a la luna,Independent,2025-02-11,777,175,2025
369,Zinzindurrunkarratz,Independent,2024-11-29,776,161,2025
370,Un viaje hacia nosotros,Independent,2021-12-19,771,172,2025
371,"Pequeños amores, Los",Bteam Pictures,2024-03-08,767,229,2025
372,Reset - Capitulo 1 Ulpotha,Independent,2025-01-21,764,124,2025
373,Compas del silencio,Independent,2025-07-31,759,178,2025
374,Prohibido ganar Eurovision,Independent,2025-07-28,754,164,2025
375,Tuno negro (2001) (re),Independent,2025-10-25,752,105,2025
376,Escape,Beta Fiction,2024-10-31,748,160,2025
377,Campanadas a medianoche (1965) (re),Independent,2025-05-17,741,162,2025
378,"Second Act of Elliott Murphy, The",Independent,2015-11-01,738,124,2025
379,Sacar a la luz. La memoria de las artistas rapadas,Independent,2021-11-05,736,163,2025
380,Caballos,Alberto Jose Redondo Villa,2023-11-23,725,223,2025
381,Mi otro Jon,Wanda,2023-10-20,724,362,2025
382,Paco Rabanne. Una vida fuera del patron,Syldavia,2025-04-03,722,186,2025
383,Esta ambicion desmedida,Avalon Distribución,2023-10-26,717,103,2025
384,"Noche que mi madre mato a mi padre, La",Festival Films,2016-04-29,715,143,2025
385,Rotspanier. Los esclavos españoles del nazismo,Independent,2025-12-13,714,109,2025
386,Constelacion Portabella,Independent,2025-10-24,707,115,2025
387,Jose Maria Yturralde,Independent,2025-10-16,696,147,2025
388,Cerrar los ojos,Avalon Distribución,2023-09-29,692,132,2025
389,Renovables forzosas,Independent,2025-06-01,692,107,2025
390,A dos velas,Independent,2025-02-18,683,198,2025
391,Sintiendolo mucho,Avalon Distribución,2022-11-17,682,98,2025
392,Gallo Rojo,La Esgueva Films,2024-12-20,1346,206,2025
393,Blackcelona: Una historia de metal satánico,Pecker,2025-06-20,670,84,2025
394,Tiempo de Zarzuela,Version Digital,2023-10-10,667,94,2025
395,"Noche de 12 años, La",Syldavia,2018-11-23,661,120,2025
396,Escanyapobres,Caracter Films,2024-11-29,699,182,2025
397,"Torre de los siete jorobados, La (1944) (re)",Independent,2025-05-01,643,145,2025
398,Tu me abrasas,Independent,2025-06-29,643,121,2025
399,"Padre de todos nosotros, El",Independent,2025-12-11,642,98,2025
400,"Negro tiene nombre, El",Independent,2025-06-06,641,77,2025
401,Esas cosas pasan,Independent,2025-01-09,641,109,2025
402,Como conquistamos el Oeste y adonde nos llevo,Independent,2025-06-27,640,322,2025
403,Santiago Sierra. The Finger in the Wound,Oliete Films,2025-12-17,639,94,2025
404,"Velazquez, el poder y el arte",Version Digital,2022-11-11,626,108,2025
405,Las armas no borraran tu sonrisa,Independent,2024-01-25,622,133,2025
406,Valentina,Super 8,2021-12-10,620,155,2025
407,"Naufrafados, Os",Independent,2025-09-05,611,108,2025
408,"Llanto, El",Universal,2024-10-25,598,167,2025
409,Coquito con mortadella,Taranna Films,2025-05-17,595,344,2025
410,Giro final,Independent,2025-05-16,571,90,2025
411,Solo en Groenlandia,Wanda,2025-07-17,567,93,2025
412,Chemsex: Un viaje al interior,Independent,2025-11-14,567,324,2025
413,Antonio Machado. Los dias azules,Summer Films,2020-12-04,557,100,2025
414,"Ala Negra ""El Angel de la Encarnacion""",Independent,2025-04-24,557,92,2025
415,Corazon ardiente,European Dreams Factory,2020-02-21,554,68,2025
416,"Foreign Song, A",Independent,2025-04-25,552,100,2025
417,Sin señas particulares,Wanda,2020-11-27,549,183,2025
418,"Vida en una gota, La",Independent,2024-11-26,547,103,2025
419,Cartas mojadas,Syldavia,2020-10-09,534,165,2025
420,Mimosas,Atalante,2017-01-04,534,76,2025
421,"Leyes de la frontera, Las",Warner Bros,2021-10-08,528,132,2025
422,"Niñas, Las",Bteam Pictures,2020-09-04,528,96,2025
423,"Chaplin, espiritu gitano",Bteam Pictures,2024-12-13,522,92,2025
424,Atraco a las tres (1962) (re),Independent,2025-11-19,522,106,2025
425,Cristina Garcia Rodero: La mirada oculta,Wanda,2023-12-01,522,87,2025
426,Verano 1993,Avalon Distribución,2017-06-30,522,74,2025
427,"Camino de Cova Eiros, O",Independent,2025-10-30,515,103,2025
428,"Sinsombrero, Las",Independent,2022-03-09,510,291,2025
429,Noviembre (2003) (re),Mercury Films,2025-02-06,510,102,2025
430,Domingo Domingo,Independent,2023-07-23,505,129,2025
431,Nena,Independent,2025-10-27,502,207,2025
432,"Gran familia, La",ConUnPack,2025-12-23,498,94,2025
433,"High club, The",Independent,2025-09-10,497,71,2025
434,"Ultimo arrebato, El",Independent,2025-11-16,494,81,2025
435,En clave de sol,Independent,2025-05-07,492,125,2025
436,On the Go,Jur Jur Productions,2024-06-28,491,116,2025
437,Castillo de Argueso,Independent,2025-01-18,485,102,2025
438,"Mis ganas ganan, la historia de Elena Huelva",39 Escalones,2024-04-05,482,107,2025
439,Verano infinito,Independent,2025-03-07,480,80,2025
440,Ellas en la ciudad,Independent,2025-05-20,480,133,2025
441,Cataluña ambigua,Sheridan's Producciones,2025-02-27,478,82,2025
442,"Villa del Seis, La",Independent,2025-10-24,471,69,2025
443,Protagonistes,Independent,2024-11-03,466,174,2025
444,Reinas,Bteam Pictures,2024-09-06,464,86,2025
445,"Viaje a ninguna parte, El (1986) (re)",Independent,2023-03-08,464,91,2025
446,"Guadalupe, Madre de la Humanidad",European Dreams Factory,2024-03-01,462,66,2025
447,Tasio (1984) (re),Independent,2025-09-23,462,154,2025
448,"Muerte tenia un precio, La (1965) (re)",Independent,2025-09-28,461,60,2025
449,Llueve sobre Babel,Version Digital,2025-11-11,460,120,2025
450,"Anaga, Naturaleza Infinita",Independent,2024-12-13,553,140,2025
451,"Walter Benjamin, el aura del camino",Independent,2025-10-23,454,72,2025
452,"Estigma del silencio, El",Independent,2024-12-10,450,68,2025
453,Dalia y el libro rojo,Alfa Pictures,2024-10-25,444,97,2025
454,"Tr3s partes del espejo, Las",Independent,2024-03-16,432,208,2025
455,"Cant dels ocells, El",Sagrera,2008-12-19,428,73,2025
456,Sunu Gaal (Nuestro cayuco),Moon Entertainment,2025-09-19,422,73,2025
457,"Arte de los analfabetos, El",Independent,2025-02-24,421,74,2025
458,Tierra y libertad (1995) (re),Independent,2023-05-10,420,60,2025
459,Viridiana (1961) (re),Mercury Films,2023-04-10,416,99,2025
460,Prefiro condenarme,Atalante,2024-11-22,462,97,2025
461,"Aldeas perdidas, Las",Independent,2025-12-18,413,83,2025
462,Historias del poder y de la vida,Independent,2025-01-14,411,89,2025
463,Justicia Artificial,A Contracorriente,2024-09-13,410,90,2025
464,Wojtyla. La Investigacion,European Dreams Factory,2020-08-14,410,63,2025
465,"A las mujeres de España, Maria Lejarraga",Summer Films,2022-03-11,403,75,2025
466,Aminetu,Independent,2025-11-08,400,212,2025
467,Irati,Filmax,2023-02-24,400,80,2025
468,Sender Barayon. Viaje hacia la luz,Independent,2023-04-18,400,59,2025
469,TuentifourSeven,Independent,2025-12-01,397,84,2025
470,"Herejes, Los",Independent,2025-01-25,389,57,2025
471,Pajaros,Filmax,2024-04-05,382,149,2025
472,"Olvidados, Los",A Contracorriente,2022-06-30,362,79,2025
473,Deuses de Pedra,Independent,2025-11-26,359,98,2025
474,Gure Hitzak,Independent,2025-06-05,357,78,2025
475,Nubes y claros,Independent,2025-06-21,355,67,2025
476,Ons,Bteam Pictures,2020-12-18,354,83,2025
477,Hijos de Dios,Independent,2025-10-16,350,99,2025
478,"Fenomenos, Los (2014) (re)",Baños Films,2025-05-06,341,84,2025
479,Sumak kawsay. El buen vivir,Tiempos Dificiles Films,2025-07-18,339,47,2025
480,Voladura 76,Independent,2025-11-12,337,56,2025
481,Requiem for a Tribe,Independent,2025-05-16,334,133,2025
482,El Bosco. El jardin de los sueños,Version Digital,2016-06-09,332,63,2025
483,Triptico,Independent,2025-01-17,331,49,2025
484,Waldo,Dada Films,2024-11-15,320,74,2025
485,"Año de todos los demonios, El",Independent,2025-05-27,319,55,2025
486,"Molino, El",Independent,2025-12-03,318,82,2025
487,Un volcan habitado,Independent,2024-06-13,316,80,2025
488,Chinas,A Contracorriente,2023-10-06,316,96,2025
489,"Book, The",Moon Entertainment,2024-11-08,315,63,2025
490,Gran redada gitana. Historia de un genocidio,Independent,2025-04-03,313,344,2025
491,"Traineras, pasion por el remo",Independent,2024-09-13,312,52,2025
492,Rojo clavel,Independent,2025-11-20,311,80,2025
493,CELDA 211,Paramount Int'l,2009-11-06,311,74,2025
494,Saturno,Les Films de la Resistance,2024-10-04,311,114,2025
495,Malencolía,Baños Films,2022-03-25,308,63,2025
496,Vivir dos veces,Filmax,2019-09-06,304,63,2025
497,Robotia,Barton,2024-06-07,297,99,2025
498,Goya. El ojo que escucha,Version Digital,2022-10-28,294,56,2025
499,Emiliana Gat-alana,Independent,2025-08-29,294,37,2025
500,En la alcoba del sultan,Sideral,2024-11-15,291,86,2025
501,Coraje,Independent,2023-10-19,291,45,2025
502,Lo que arde,Atalante,2019-10-11,290,43,2025
503,"Al oeste, en Zapata",Independent,2025-11-26,289,99,2025
504,Voy a desaparecer,Begin Again Films,2024-09-19,286,88,2025
505,Sense filTRES,Independent,2025-11-14,284,104,2025
506,Truman,Filmax,2015-10-30,283,52,2025
507,"Zoo, Sobreviure a l'incendi",39 Escalones,2024-11-22,429,81,2025
508,"Crimen de Cuenca, El (1980)",Independent,2021-10-25,278,51,2025
509,"Amantes astronautas, Los",Independent,2024-11-17,270,58,2025
510,"Comercial, El",Independent,2025-05-26,265,39,2025
511,Un dia con Peter Hujar,Filmin,2025-12-01,260,34,2025
512,"Barcelona, noche de invierno",Splendor Films,2015-12-04,258,43,2025
513,Fenix 11-23,Splendor Films,2012-11-09,255,56,2025
514,Del rosa al amarillo (1963) (re),A Contracorriente,2025-11-13,254,71,2025
515,Enarak,Independent,2025-06-21,253,62,2025
516,"Ruta. Vol 2: Ibiza, La",Independent,2025-10-24,252,104,2025
517,Yo no soy esa,Sony,2024-10-31,252,73,2025
518,"Aspirante, El",Begin Again Films,2024-09-20,252,42,2025
519,"Habitacion de Fermat, La (2007) (re)",Independent,2025-11-14,249,83,2025
520,Divino tesoro,Vendaval,2025-02-13,248,43,2025
521,"Grieta, La",Independent,2017-12-12,247,59,2025
522,"Cebo, El (1958) (re)",Independent,2025-10-20,247,133,2025
523,"Virgen de la tosquera, La",Filmax,2026-01-23,243,34,2025
524,Alcarras,Avalon Distribución,2022-04-29,236,34,2025
525,Mamifera,Filmax,2024-04-26,234,113,2025
526,"Sonoma (Le film, pas le spectacle)",Independent,2023-09-13,233,35,2025
527,Luna,Independent,2025-04-07,229,50,2025
528,Tu no eres yo,Caracter Films,2024-12-13,291,92,2025
529,Todo sobre mi madre (1999) (re),Independent,2023-10-21,226,116,2025
530,"Singla, La",Atera Films,2023-11-10,225,82,2025
531,Llamame Paul,Independent,2024-11-14,225,46,2025
532,Petit Indi (2009) (re),Independent,2025-03-29,220,22,2025
533,Abre los ojos (1997) (re),ConUnPack,2025-10-02,218,33,2025
534,Epilogo,Independent,2025-07-28,217,62,2025
535,"Cosa en la niebla, La",Independent,2025-11-09,216,51,2025
536,Blanco en blanco,Elamedia,2020-07-31,216,38,2025
537,Juan Marine. Un siglo de cine,Independent,2023-11-22,215,43,2025
538,Montañas en armonia,Independent,2025-06-14,215,31,2025
539,Sumario 3/94,Begin Again Films,2024-12-05,214,36,2025
540,"Otros, Los (2001) (re)",ConUnPack,2025-10-09,213,49,2025
541,Nina,Bteam Pictures,2024-05-10,209,102,2025
542,Camino de la suerte,Begin Again Films,2023-10-20,207,99,2025
543,"Unfixing, The",Independent,2025-11-11,205,62,2025
544,"Murillo, el ultimo viaje",Version Digital,2017-11-17,203,38,2025
545,Fernanda y Bernarda,Independent,2023-11-21,200,38,2025
546,117,Moon Entertainment,2025-06-12,199,34,2025
547,"Ojos del futuro, Los",Gondola Films,2025-11-11,198,43,2025
548,Te veo en mis ojos,Independent,2025-11-21,198,30,2025
549,Cancion perdida,Independent,2023-05-06,197,28,2025
550,Anqa,Independent,2025-04-22,196,49,2025
551,Un Amor,Bteam Pictures,2023-11-10,196,96,2025
552,Un lugar comun,Alfa Pictures,2024-08-14,193,35,2025
553,"7º Dia, El (2004) (re)",Mercury Films,2025-04-30,191,49,2025
554,Chavela,Syldavia,2017-06-16,189,27,2025
555,"Pepi, Luci, Bom y otras chicas del monton (1980) (re)",Mercury Films,2023-06-08,189,112,2025
556,Llapis horitzo,Independent,2025-10-24,188,49,2025
557,"Mesita del comedor, La",Independent,2023-11-30,187,55,2025
558,Mujeres sin censura,Independent,2022-12-21,185,42,2025
559,Ultimas Voluntades,Alfa Pictures,2023-06-30,184,49,2025
560,Marina unplugged,Independent,2024-12-07,184,33,2025
561,"Gran Casal, me como el mundo",Cameo,2025-04-21,181,33,2025
562,Naturaleza muerta Sexy Sadie,Independent,2023-07-27,179,53,2025
563,Un hombre llamado Flor de Otoño (1978) (re),Independent,2022-10-21,179,51,2025
564,Muerte de un ciclista (1955) (re),Mercury Films,2023-12-29,177,32,2025
565,"Endemoniada, La (1975) (re)",Independent,2025-11-15,176,47,2025
566,Arasindia,Independent,2025-10-23,175,38,2025
567,Miguel Velázquez. El Catedrático Del Ring,Moon Entertainment,2025-05-30,172,34,2025
568,Oblideu Tosquelles!,Independent,2023-12-22,170,31,2025
569,"Cartas perdidas, Las (La carcel y el exilio de las mujeres repub",Syldavia,2022-05-13,169,49,2025
570,"Seduccion de caos, La (1990) (re)",Independent,2025-12-03,168,53,2025
571,Omega Wants to Dance,Jambika Docs,2025-12-06,165,23,2025
572,"Poder del silencio, El",Independent,2025-09-17,165,51,2025
573,Nada,Independent,2025-05-21,164,33,2025
574,Mala persona,Filmax,2024-07-03,163,62,2025
575,Mironins. La pelicula,Independent,2021-12-03,160,40,2025
576,Tierras solares,Summer Films,2025-04-07,157,29,2025
577,"Espíritu de la colmena, El (1973) (re)",Avalon Distribución,2023-09-01,156,499,2025
578,Donde acaba la memoria,Surtsey Films,2022-12-02,151,69,2025
579,Raqa,DeAPlaneta,2024-11-22,149,27,2025
580,"Vacances de Mara, Les",Puntal Films,2024-09-27,148,37,2025
581,Volver a vivir (1968) (re),Independent,2025-01-13,147,75,2025
582,Disforia,Independent,2025-11-08,147,41,2025
583,Se quien eres (2000) (re),Independent,2025-07-14,145,33,2025
584,As bestas,A Contracorriente,2022-11-11,144,36,2025
585,"Hijas del trueno, Las",Moon Entertainment,2025-06-27,141,22,2025
586,Piezas,Maravillas Distribuciones,2024-11-15,140,46,2025
587,+Cuñados,Baños Films,2024-04-19,140,35,2025
588,"Amor de Andrea, El",Filmax,2023-11-24,140,33,2025
589,Muñequita linda,Independent,2025-06-12,138,22,2025
590,Norberta,Filmax,2024-07-25,138,26,2025
591,Pendaripen,Independent,2025-11-19,136,53,2025
592,Un sol radiant,Begin Again Films,2024-05-17,133,42,2025
593,Escribir no es normal,Independent,2024-12-18,132,33,2025
594,Quieres salir puedes entrar,Independent,2025-09-06,130,37,2025
595,"Emilia, parada y fonda (1976) (re)",A Contracorriente,2025-11-04,130,44,2025
596,Cuerpo escombro,Walt Disney,2024-08-09,129,37,2025
597,Cinco lobitos,Bteam Pictures,2022-05-20,128,34,2025
598,Aquel ultimo tiburon,Independent,2025-11-15,126,33,2025
599,Secaderos,Begin Again Films,2023-06-02,126,55,2025
600,Negro liimbo,Independent,2025-06-07,126,31,2025
601,Suro,A Contracorriente,2022-12-02,123,35,2025
602,Orandi,Independent,2025-06-19,122,23,2025
603,Marsella,Syldavia,2014-07-18,120,30,2025
604,Matria,Avalon Distribución,2023-03-24,120,30,2025
605,Todos somos Gaza,39 Escalones,2025-12-31,70,10,2025
606,"Aníbal, el arquitecto de Sevilla",Mosaico,2023-11-24,116,24,2025
607,Algo amargo en la boca (1969) (re),Independent,2025-10-01,116,33,2025
608,Todos Vosotros sois Capitanes,Zeitun Films,2011-06-03,114,15,2025
609,Puntos suspensivos,Vertice,2024-09-20,112,32,2025
610,¡Olvidate del cine!,Independent,2025-09-16,112,40,2025
611,Julio Camba. El hombre que no queria ser nada,Filmax,2025-02-28,111,33,2025
612,Despues de la derrota,Independent,2025-06-10,111,17,2025
613,Tierra firme,Avalon Distribución,2017-11-24,110,22,2025
614,"Maquinista, El (2004) (re)",Independent,2025-04-29,110,56,2025
615,Niñas de arena,Independent,2025-05-27,108,51,2025
616,Voces en imagenes,Independent,2025-08-22,107,27,2025
617,"Camino, El (1963)",Independent,2021-11-02,105,34,2025
618,"Laguna negra, La (1952) (re)",Mercury Films,2025-05-07,105,30,2025
619,Desmontando a Lucia,TriPictures,2024-11-29,105,21,2025
620,Lucia y el Sexo (2001) (re),Mercury Films,2025-10-28,104,162,2025
621,"Cecilia Bartolome. Tan lejos, tan cerca",Taranna Films,2025-05-11,100,86,2025
622,Desahuciados,Independent,2025-02-05,99,20,2025
623,Morente & Barcelona,Independent,2025-05-15,99,33,2025
624,"Espera, La",Maravillas Distribuciones,2023-12-15,99,17,2025
625,"Negros, Los",European Dreams Factory,2022-03-25,98,17,2025
626,Canto cosmico. Niño de Elche,Margenes Distribucion,2022-02-04,98,50,2025
627,"Amigo de todos, El",Surtsey Films,2024-04-24,98,16,2025
628,Mercenario,Independent,2025-04-01,93,16,2025
629,Maria (y los demas),Avalon Distribución,2016-12-07,92,23,2025
630,"Silencio de otros, El",Bteam Pictures,2018-11-16,88,21,2025
631,Un angel llamado Rebeca,European Dreams Factory,2024-04-26,87,16,2025
632,Palabras para un fin del mundo,Imagine! Factory Films,2020-11-13,86,20,2025
633,"Ultimos pastores, Los",Wanda,2024-05-31,84,40,2025
634,Odio el verano,Sony,2024-08-23,84,25,2025
635,Hostal España,Independent,2020-09-30,83,14,2025
636,O Corno,Elastica,2023-10-11,83,15,2025
637,David Delfin. Muestra tu herida,Independent,2025-11-03,81,26,2025
638,Importancia de llamarse Ernesto y la gilipollez de llamarse Eric,Oliete Films,2023-11-10,81,23,2025
639,"Ocaña, retrato intermitente",Independent,2025-03-11,81,23,2025
640,"Palo, El (2001) (re)",Mercury Films,2025-04-14,80,14,2025
641,Nacida niña,Independent,2025-12-17,48,7,2025
642,"Vaquilla, La (1985) (re)",Avalon Distribución,2026-02-09,77,22,2025
643,Descubriendo a Jose Padilla,Film Buro,2020-12-29,76,13,2025
644,"Reconquista, La",Cinebinario,2016-09-30,75,15,2025
645,Mediterraneo,DeAPlaneta,2021-10-01,74,12,2025
646,Quest,Nanouk Films,2023-12-01,73,14,2025
647,"Sangre, sudor y alegria",Proyecfilm,2025-12-03,72,13,2025
648,Cuentos eroticos (1980) (re),Independent,2025-06-05,70,20,2025
649,Pascual Duarte (1976) (re),Mercury Films,2025-05-07,70,20,2025
650,"Constructores de la Alhambra, Los",Version Digital,2022-11-25,67,9,2025
651,Ojos Negros,Filmin,2019-07-19,66,22,2025
652,Generacion docentes,Independent,2025-04-29,65,8,2025
653,Carbon,Bteam Pictures,2023-12-29,64,16,2025
654,"Magnificent Stranger, The",Independent,2025-10-13,64,11,2025
655,Nos va la marcha (1979) (re),Independent,2025-06-04,63,18,2025
656,Moros y Cristianos (1987),A Contracorriente,2021-08-20,63,18,2025
657,Lucia en la telaraña 5.669 dias,Independent,2025-09-16,63,9,2025
658,Cyborg Generation,Independent,2024-11-22,62,10,2025
659,"Amor brujo, El (1986) (re)",Mercury Films,2023-04-23,60,16,2025
660,"Llaves de la independencia, Las",Independent,2005-01-14,60,17,2025
661,Invasion pequeña,Independent,2025-07-04,60,17,2025
662,Tierra de nuestras madres,Me Lo Creo,2023-07-20,57,10,2025
663,A la cara,Sideral,2026-05-15,57,9,2025
664,"Secreto de sus ojos, El (2009) (re)",Independent,2025-11-26,57,29,2025
665,Miguel Hernandez,Independent,2025-03-31,55,9,2025
666,Handia,A Contracorriente,2017-10-20,54,28,2025
667,Esplendor y caida: The Garlic Phantoms,Oliete Films,2022-04-05,53,19,2025
668,"Ciudad perdida, La (1955) (re)",Independent,2025-06-25,53,16,2025
669,Bofi,Independent,2024-09-21,50,8,2025
670,Viaje al cuarto de una madre,Alfa Pictures,2018-10-05,50,10,2025
671,Helios Gomez: Tinta y Municion,Independent,2025-05-29,49,21,2025
672,Alyonka soñada,Independent,2025-07-24,48,11,2025
673,Cemento,Independent,2025-07-07,47,9,2025
674,Un hombre tranquilo,Independent,2025-03-16,46,32,2025
675,Beckett y el rinoceronte blanco,Jaibo Films,2025-09-03,46,13,2025
676,Ivan Z,Independent,2025-11-29,45,9,2025
677,"091, policia al habla (1960) (re)",Independent,2025-05-16,42,12,2025
678,"Gato montes, El (1935) (re)",Independent,2025-06-24,42,16,2025
679,Tierra normal,Independent,2025-05-15,42,67,2025
680,Mirande,Independent,2025-05-21,38,20,2025
681,Un hombre sin miedo,Independent,2024-06-07,35,127,2025
682,Generacion Lagartija,Independent,2024-06-21,35,7,2025
683,Alma quebrada,Independent,2025-03-25,35,12,2025
684,"Estafa del amor, La",Independent,2023-11-14,35,5,2025
685,"Diaz Hierro, el cronista de Huelva",Independent,2025-01-27,33,5,2025
686,"Escuerzo, El",Begin Again Films,2025-07-23,32,7,2025
687,Tigres de papel (1977) (re),Independent,2025-06-04,32,9,2025
688,Os reviento,The Other Side Films,2024-09-13,32,9,2025
689,Una estrella fugaz,European Dreams Factory,2024-10-11,30,7,2025
690,"Imatge permanent, La",Aventura Cine,2023-11-17,30,9,2025
691,Burnout,Independent,2025-05-15,28,28,2025
692,"Vuelo de la cigueña, El",Independent,2025-11-26,28,21,2025
693,Ese mundo que no te da nada,Independent,2025-03-12,28,41,2025
694,Siete Jereles,Independent,2023-03-03,27,6,2025
695,Sembrando sueños,Enciende Television,2024-02-14,27,6,2025
696,"Dias que vendran, Los (Els dies que vindran)",Avalon Distribución,2019-06-28,26,6,2025
697,Concha Robles. El precio de la libertad,Independent,2025-11-21,25,5,2025
698,"Ultimo cuple, El (1957) (re)",Mercury Films,2025-09-06,24,5,2025
699,Dies d'estiu i de pluja,Independent,2025-06-13,24,9,2025
700,Tiempos futuros,Independent,2025-06-28,23,3,2025
701,Jesucristo Flamenco,Maravillas Distribuciones,2025-12-28,23,5,2025
702,"Memoria inmortal, La",Independent,2025-02-20,21,4,2025
703,"Fieles sirvientes, Los (1980) (re)",Independent,2025-10-23,20,9,2025
704,Sueños y pan,Mubox.Studio,2023-07-25,18,6,2025
705,Infiltrada en el bunker,Independent,2025-10-23,18,16,2025
706,Faltan vuestros nombres,Independent,2025-05-10,18,70,2025
707,Stay Homas. La banda que no deberia existir,Independent,2024-11-15,17,4,2025
708,Valenciana,Caracter Films,2024-10-18,17,6,2025
709,"Mama, ahora mando yo",Independent,2025-07-30,16,4,2025
710,Septiembre,Independent,2023-10-06,15,5,2025
711,"Una historia, una cancion",Independent,2025-03-10,15,5,2025
712,Vicente Romero. Testigo de la historia,Independent,2025-11-04,14,4,2025
713,Algo salvaje. La historia de Bambino,Phoenix Entertaiment,2021-11-19,14,2,2025
714,Art d'alçada,Independent,2024-03-12,13,3,2025
715,Letras que marcan,Independent,2025-01-09,11,2,2025
716,"Leyenda de Balthasar el castrado, La (1996) (re)",Independent,2025-10-23,11,5,2025
717,Que se sepa,Independent,2024-11-15,11,20,2025
718,A lo loco,Independent,2025-05-16,11,20,2025
719,Creatura,Avalon Distribución,2023-09-08,10,2,2025
720,Un paseo por el Borne,Begin Again Films,2024-07-25,10,2,2025
721,Cuando un rio se convierte en mar,Independent,2025-11-01,9,4,2025
722,Guadalquivir,Wanda,2013-12-13,9,2,2025
723,"Violetera, La (1958)",Mercury Films,2025-09-20,5,1,2025
724,Paquillo Fernandez. Una vida en marcha,Independent,2025-11-21,5,1,2025
725,"Vientre del mar, El",Elastica,2021-11-12,5,1,2025
726,Summers el rebelde,Maravillas Distribuciones,2024-03-15,5,1,2025
727,Luis Gordillo. Manual de instrucciones,Maravillas Distribuciones,2025-11-20,4,1,2025
